date,ticker,daily_return
2019-01-03,NVDA,-0.060417045937199876
2019-01-04,NVDA,0.06406750613084933
2019-01-07,NVDA,0.052940876607531884
2019-01-08,NVDA,-0.024895483159925957
2019-01-09,NVDA,0.019666787169221767
2019-01-10,NVDA,0.01858601529322934
2019-01-11,NVDA,0.024788293543333673
2019-01-14,NVDA,0.010817782238345952
2019-01-15,NVDA,-0.0037888092163229636
2019-01-16,NVDA,-0.006872895227565623
2019-01-17,NVDA,0.019349905455088523
2019-01-18,NVDA,0.03433940902253596
2019-01-22,NVDA,-0.05199769635500695
2019-01-23,NVDA,0.0034953054979607323
2019-01-24,NVDA,0.057271217692331344
2019-01-25,NVDA,0.014635030133058669
2019-01-28,NVDA,-0.13824539207043807
2019-01-29,NVDA,-0.04644592716415785
2019-01-30,NVDA,0.04399705567389245
2019-01-31,NVDA,0.04629137185020826
2019-02-01,NVDA,0.0068173985775084045
2019-02-04,NVDA,0.030746981970720233
2019-02-05,NVDA,0.005161513468135981
2019-02-06,NVDA,0.02034015579385451
2019-02-07,NVDA,-0.03647069204468012
2019-02-08,NVDA,0.005087595162078573
2019-02-11,NVDA,-0.011608186817611887
2019-02-12,NVDA,0.032229553933734056
2019-02-13,NVDA,0.011311473897834157
2019-02-14,NVDA,0.010792982089793401
2019-02-15,NVDA,0.01818410015336669
2019-02-19,NVDA,-0.004448854702260863
2019-02-20,NVDA,0.012193381402298753
2019-02-21,NVDA,-0.01753401026569834
2019-02-22,NVDA,0.021955500711901
2019-02-25,NVDA,-0.003140755004981788
2019-02-26,NVDA,-0.01001965732950083
2019-02-27,NVDA,-0.01075731755521614
2019-02-28,NVDA,-0.006376936236824893
2019-03-01,NVDA,0.014196823791641888
2019-03-04,NVDA,0.002109402960249529
2019-03-05,NVDA,-0.001658310678556374
2019-03-06,NVDA,-0.028559017618546956
2019-03-07,NVDA,-0.01834896581037404
2019-03-08,NVDA,0.009245576457956206
2019-03-11,NVDA,0.06970291021767383
2019-03-12,NVDA,0.008563887223413724
2019-03-13,NVDA,0.03753345058226887
2019-03-14,NVDA,-0.018147072441998424
2019-03-15,NVDA,0.02567044619981762
2019-03-18,NVDA,-0.005064627571232383
2019-03-19,NVDA,0.04001188967347291
2019-03-20,NVDA,-0.0074551243825482505
2019-03-21,NVDA,0.05470158042528239
2019-03-22,NVDA,-0.035011525992049486
2019-03-25,NVDA,-0.020957804821635007
2019-03-26,NVDA,0.017781358156902183
2019-03-27,NVDA,-0.0020920138511737463
2019-03-28,NVDA,0.004249290859654531
2019-03-29,NVDA,0.01303231583815645
2019-04-01,NVDA,0.015148519364234003
2019-04-02,NVDA,0.003949497277784264
2019-04-03,NVDA,0.030710777242933585
2019-04-04,NVDA,-0.001908932647739059
2019-04-05,NVDA,0.014289271387475155
2019-04-08,NVDA,0.004398785230601554
2019-04-09,NVDA,-0.013191351425855924
2019-04-10,NVDA,0.015005533242800961
2019-04-11,NVDA,-0.0029153358506702753
2019-04-12,NVDA,-0.007987931843804086
2019-04-15,NVDA,-0.027945886920650365
2019-04-16,NVDA,0.01900373663252064
2019-04-17,NVDA,-0.004888173637138893
2019-04-18,NVDA,-0.005285769002970397
2019-04-22,NVDA,0.011648102026051044
2019-04-23,NVDA,0.011672901476548647
2019-04-24,NVDA,0.002622532722967419
2019-04-25,NVDA,-0.022284171550284726
2019-04-26,NVDA,-0.04718810900150472
2019-04-29,NVDA,0.006962500856261933
2019-04-30,NVDA,0.009312670316001359
2019-05-01,NVDA,-0.002928009972174017
2019-05-02,NVDA,0.015071701318844388
2019-05-03,NVDA,-0.0009826529763635738
2019-05-06,NVDA,-0.017266984259253104
2019-05-07,NVDA,-0.037475932150160984
2019-05-08,NVDA,0.00467909230803043
2019-05-09,NVDA,-0.021446425249677326
2019-05-10,NVDA,-0.008049571880038853
2019-05-13,NVDA,-0.06142654109173984
2019-05-14,NVDA,0.02265689999638676
2019-05-15,NVDA,-0.015181501991580304
2019-05-16,NVDA,0.0038225672442031566
2019-05-17,NVDA,-0.022847825340002514
2019-05-20,NVDA,-0.030537385298172737
2019-05-21,NVDA,0.021812109850343653
2019-05-22,NVDA,-0.01844438303255036
2019-05-23,NVDA,-0.032063037630854274
2019-05-24,NVDA,-0.014729727650267255
2019-05-28,NVDA,-0.012538929367931329
2019-05-29,NVDA,-0.020860950586640725
2019-05-30,NVDA,-0.007632876674448785
2019-05-31,NVDA,-0.026238269342200304
2019-06-03,NVDA,-0.012402157893592336
2019-06-04,NVDA,0.06891900004109619
2019-06-05,NVDA,-0.012028020112365478
2019-06-06,NVDA,0.01769548677784294
2019-06-07,NVDA,0.01196270096797769
2019-06-10,NVDA,0.020137263373801728
2019-06-11,NVDA,0.015630524879646
2019-06-12,NVDA,-0.030182422599360548
2019-06-13,NVDA,0.01409021668487509
2019-06-14,NVDA,-0.024416649694840364
2019-06-17,NVDA,0.00269648846209547
2019-06-18,NVDA,0.054126509052994765
2019-06-19,NVDA,0.0015700169440828748
2019-06-20,NVDA,0.0064001220157003935
2019-06-21,NVDA,-0.015184917705218903
2019-06-24,NVDA,0.005930507816406916
2019-06-25,NVDA,-0.0077297861936588275
2019-06-26,NVDA,0.05135994067270455
2019-06-27,NVDA,0.024927873122243094
2019-06-28,NVDA,0.00612615794201532
2019-07-01,NVDA,0.011812919383000553
2019-07-02,NVDA,-0.023710657433492432
2019-07-03,NVDA,0.0032050963587095804
2019-07-05,NVDA,-0.015483487345792968
2019-07-08,NVDA,-0.018847963628413567
2019-07-09,NVDA,0.0006360744283981923
2019-07-10,NVDA,0.017481293568515355
2019-07-11,NVDA,0.03886042292044767
2019-07-12,NVDA,0.0079985348098639
2019-07-15,NVDA,-0.0020285320276904883
2019-07-16,NVDA,-0.0011356391891084172
2019-07-17,NVDA,0.015740380655163033
2019-07-18,NVDA,0.002769841921358429
2019-07-19,NVDA,-0.010224482151189318
2019-07-22,NVDA,0.017098316086496146
2019-07-23,NVDA,0.02533252850024259
2019-07-24,NVDA,0.017078526043509568
2019-07-25,NVDA,-0.02955351899008274
2019-07-26,NVDA,0.009747453204056455
2019-07-29,NVDA,-0.0014282352350565297
2019-07-30,NVDA,0.0036036858802142024
2019-07-31,NVDA,-0.03835831050972949
2019-08-01,NVDA,-0.02252236318871681
2019-08-02,NVDA,-0.022617301843786297
2019-08-05,NVDA,-0.06451998663307712
2019-08-06,NVDA,0.010345536516426224
2019-08-07,NVDA,0.010108165514164602
2019-08-08,NVDA,0.02839698252717837
2019-08-09,NVDA,-0.025780410174249813
2019-08-12,NVDA,-0.017706368573627507
2019-08-13,NVDA,0.0303729241095978
2019-08-14,NVDA,-0.03832107464503609
2019-08-15,NVDA,-0.00866270751439735
2019-08-16,NVDA,0.07252829706310093
2019-08-19,NVDA,0.07031840853879223
2019-08-20,NVDA,-0.017039324283478208
2019-08-21,NVDA,0.020015210425943453
2019-08-22,NVDA,0.001460152757373434
2019-08-23,NVDA,-0.052717481559003354
2019-08-26,NVDA,0.018529515896137383
2019-08-27,NVDA,-0.022060738128423463
2019-08-28,NVDA,-0.002598311666701658
2019-08-29,NVDA,0.03585124881075119
2019-08-30,NVDA,0.0030544516152730683
2019-09-03,NVDA,-0.019939508994683774
2019-09-04,NVDA,0.0279586855995142
2019-09-05,NVDA,0.0650633015211699
2019-09-06,NVDA,-0.0060645614482676136
2019-09-09,NVDA,0.010355490726877026
2019-09-10,NVDA,0.014847660057333512
2019-09-11,NVDA,0.006277929759858969
2019-09-12,NVDA,-0.0003254220111953421
2019-09-13,NVDA,-0.012644612330445115
2019-09-16,NVDA,-0.009508629490617815
2019-09-17,NVDA,0.004772297039614237
2019-09-18,NVDA,-0.006019911158693381
2019-09-19,NVDA,-0.016890496753564577
2019-09-20,NVDA,-0.024019786507158858
2019-09-23,NVDA,0.012449894693933095
2019-09-24,NVDA,-0.013211476049203918
2019-09-25,NVDA,0.03303737485952296
2019-09-26,NVDA,-0.004993647421343561
2019-09-27,NVDA,-0.031464817472103945
2019-09-30,NVDA,0.01344904937966529
2019-10-01,NVDA,-0.000402422242694489
2019-10-02,NVDA,-0.005517078926234875
2019-10-03,NVDA,0.04779230350112984
2019-10-04,NVDA,0.0036403246337655126
2019-10-07,NVDA,0.012969203238650362
2019-10-08,NVDA,-0.03851763149768905
2019-10-09,NVDA,0.019635035801546685
2019-10-10,NVDA,0.012838339234329199
2019-10-11,NVDA,0.016172475965692934
2019-10-14,NVDA,0.0029031729063857536
2019-10-15,NVDA,0.052752913294138226
2019-10-16,NVDA,-0.01099963497909695
2019-10-17,NVDA,0.0004121186779391106
2019-10-18,NVDA,-0.019558446028082432
2019-10-21,NVDA,0.028977816405160173
2019-10-22,NVDA,-0.002040496765064903
2019-10-23,NVDA,-0.0026582753865103115
2019-10-24,NVDA,0.009072288621492453
2019-10-25,NVDA,0.03901280460205303
2019-10-28,NVDA,0.011000313700187947
2019-10-29,NVDA,-0.018714928166766898
2019-10-30,NVDA,0.0003945236787896711
2019-10-31,NVDA,-0.009753999681936798
2019-11-01,NVDA,0.007810558387214117
2019-11-04,NVDA,0.03904423533357182
2019-11-05,NVDA,-0.00422811223795605
2019-11-06,NVDA,-0.009446228093794251
2019-11-07,NVDA,0.003419753875222531
2019-11-08,NVDA,-0.002687979600358603
2019-11-11,NVDA,0.0019251865814513547
2019-11-12,NVDA,0.00686895356752415
2019-11-13,NVDA,-0.004961638531508661
2019-11-14,NVDA,0.0058494593294371455
2019-11-15,NVDA,-0.0266933728632317
2019-11-18,NVDA,0.03961989134521904
2019-11-19,NVDA,-0.02020913085086895
2019-11-20,NVDA,0.01533736846257816
2019-11-21,NVDA,-0.0047354773173223785
2019-11-22,NVDA,0.0033779901164030512
2019-11-25,NVDA,0.048935722463798736
2019-11-26,NVDA,-0.019031751506632277
2019-11-27,NVDA,0.006456364676736159
2019-11-29,NVDA,-0.006873233205661133
2019-12-02,NVDA,-0.034557605377760536
2019-12-03,NVDA,-0.0075984408177778295
2019-12-04,NVDA,0.008475426061397728
2019-12-05,NVDA,-0.0032471530011146665
2019-12-06,NVDA,0.016431913249526975
2019-12-09,NVDA,0.0
2019-12-10,NVDA,0.00853101202455031
2019-12-11,NVDA,0.015702129895792227
2019-12-12,NVDA,0.03096539579537949
2019-12-13,NVDA,-0.00035685010278030393
2019-12-16,NVDA,0.005178653806582556
2019-12-17,NVDA,0.01394645493818425
2019-12-18,NVDA,0.005343842170746349
2019-12-19,NVDA,0.025925057867762114
2019-12-20,NVDA,0.016605558731226377
2019-12-23,NVDA,-0.002297632478199474
2019-12-24,NVDA,-0.0008377476715885068
2019-12-26,NVDA,0.002388988655314339
2019-12-27,NVDA,-0.00969920491427445
2019-12-30,NVDA,-0.019208942682432673
2019-12-31,NVDA,0.012826849366214699
2020-01-02,NVDA,0.019592267660147433
2020-01-03,NVDA,-0.0160060225200922
2020-01-06,NVDA,0.00419371353577036
2020-01-07,NVDA,0.012106373173347063
2020-01-08,NVDA,0.0018756534087598364
2020-01-09,NVDA,0.010982855381419743
2020-01-10,NVDA,0.005349121224807574
2020-01-13,NVDA,0.031352527719433754
2020-01-14,NVDA,-0.018652118098176573
2020-01-15,NVDA,-0.006915502778851779
2020-01-16,NVDA,0.013682607411225733
2020-01-17,NVDA,0.0014059772888879163
2020-01-21,NVDA,-0.005375634279812358
2020-01-22,NVDA,0.008751944511705911
2020-01-23,NVDA,0.010995232654619436
2020-01-24,NVDA,-0.00941220642822227
2020-01-27,NVDA,-0.04104117417170983
2020-01-28,NVDA,0.032347994413181036
2020-01-29,NVDA,-0.009799524180487573
2020-01-30,NVDA,0.0010995856854134622
2020-01-31,NVDA,-0.03815947583977708
2020-02-03,NVDA,0.016495462647869052
2020-02-04,NVDA,0.028294172285441954
2020-02-05,NVDA,0.014688671509766271
2020-02-06,NVDA,0.013917750938384765
2020-02-07,NVDA,-0.010462145396817224
2020-02-10,NVDA,0.0452324741532526
2020-02-11,NVDA,0.018709111516803434
2020-02-12,NVDA,0.01735809060145277
2020-02-13,NVDA,-0.00645793346269774
2020-02-14,NVDA,0.0702047807163999
2020-02-18,NVDA,0.0233958441042994
2020-02-19,NVDA,0.0611324833624467
2020-02-20,NVDA,-0.019065658725396673
2020-02-21,NVDA,-0.04739235880600712
2020-02-24,NVDA,-0.07069764605876672
2020-02-25,NVDA,-0.041093198816931964
2020-02-26,NVDA,0.021369868461345698
2020-02-27,NVDA,-0.05566548389719583
2020-02-28,NVDA,0.06916083351618174
2020-03-02,NVDA,0.02354922825603989
2020-03-03,NVDA,-0.03812887721315972
2020-03-04,NVDA,0.0700288691992128
2020-03-05,NVDA,-0.03943635339582918
2020-03-06,NVDA,-0.026528446142774387
2020-03-09,NVDA,-0.07743211135987993
2020-03-10,NVDA,0.06372256278395105
2020-03-11,NVDA,-0.05595985427500161
2020-03-12,NVDA,-0.12236776416969075
2020-03-13,NVDA,0.11340190491430646
2020-03-16,NVDA,-0.18452076229311154
2020-03-17,NVDA,0.10626263646357126
2020-03-18,NVDA,-0.06650721679135307
2020-03-19,NVDA,0.050044370128713433
2020-03-20,NVDA,-0.03390138134651377
2020-03-23,NVDA,0.03373024845718042
2020-03-24,NVDA,0.17156398599129363
2020-03-25,NVDA,-0.014286596760470283
2020-03-26,NVDA,0.047308833826302576
2020-03-27,NVDA,-0.017532446509820887
2020-03-30,NVDA,0.050884520171659675
2020-03-31,NVDA,-0.007492743911546418
2020-04-01,NVDA,-0.07788324764889831
2020-04-02,NVDA,0.051014216372985866
2020-04-03,NVDA,-0.04524983825934459
2020-04-06,NVDA,0.10040569591220905
2020-04-07,NVDA,-0.03491047067316888
2020-04-08,NVDA,0.030575671171917618
2020-04-09,NVDA,-0.014984229957329287
2020-04-13,NVDA,0.02624074845173796
2020-04-14,NVDA,0.052251440386764214
2020-04-15,NVDA,-0.010952781997592531
2020-04-16,NVDA,0.04935184225113076
2020-04-17,NVDA,-0.00807588861442754
2020-04-20,NVDA,-0.01802829048163923
2020-04-21,NVDA,-0.061104215114369365
2020-04-22,NVDA,0.06174150176160231
2020-04-23,NVDA,-0.0074784608538609465
2020-04-24,NVDA,0.0196471563299756
2020-04-27,NVDA,0.025864082501783514
2020-04-28,NVDA,-0.019254000133399507
2020-04-29,NVDA,0.024368590254311817
2020-04-30,NVDA,-0.020706469449488618
2020-05-01,NVDA,-0.032502961698423816
2020-05-04,NVDA,0.030094102591478933
2020-05-05,NVDA,0.00841078497548775
2020-05-06,NVDA,0.013787604758154659
2020-05-07,NVDA,0.02377529673313883
2020-05-08,NVDA,0.02502714423779162
2020-05-11,NVDA,0.032383988288231524
2020-05-12,NVDA,-0.03260812415785541
2020-05-13,NVDA,-0.0028835409419014635
2020-05-14,NVDA,0.03219776281811715
2020-05-15,NVDA,0.05731284308668738
2020-05-18,NVDA,0.030562802286384194
2020-05-19,NVDA,0.006313977623209066
2020-05-20,NVDA,0.018681325251761027
2020-05-21,NVDA,-0.0217112145723799
2020-05-22,NVDA,0.028603147581084176
2020-05-26,NVDA,-0.0341781069687912
2020-05-27,NVDA,-0.02208128111948615
2020-05-28,NVDA,-0.004486443879029078
2020-05-29,NVDA,0.045775404061184854
2020-06-01,NVDA,-0.007802021348972343
2020-06-02,NVDA,0.0021574024383310686
2020-06-03,NVDA,-0.006317157764941017
2020-06-04,NVDA,0.00011428763545318077
2020-06-05,NVDA,0.017509768184146512
2020-06-08,NVDA,-0.01289226039600666
2020-06-09,NVDA,0.02737041641722948
2020-06-10,NVDA,0.035458006522778085
2020-06-11,NVDA,-0.0609068936531173
2020-06-12,NVDA,0.015489214026486398
2020-06-15,NVDA,0.02700824111318867
2020-06-16,NVDA,-0.011473052495726055
2020-06-17,NVDA,0.01847069511076982
2020-06-18,NVDA,-0.001948754722837287
2020-06-19,NVDA,0.004691810895140369
2020-06-22,NVDA,0.028667699601031993
2020-06-23,NVDA,-0.008056181655331285
2020-06-24,NVDA,-0.022698450836121986
2020-06-25,NVDA,0.02755651808873072
2020-06-26,NVDA,-0.03530013030469359
2020-06-29,NVDA,0.0049153574218698814
2020-06-30,NVDA,0.03236436120037367
2020-07-01,NVDA,0.0033954921806464977
2020-07-02,NVDA,0.008630534971482806
2020-07-06,NVDA,0.02361542264023453
2020-07-07,NVDA,0.003303218498645899
2020-07-08,NVDA,0.034872299576864885
2020-07-09,NVDA,0.02868018243600612
2020-07-10,NVDA,-0.002830575459295881
2020-07-13,NVDA,-0.04074737563902742
2020-07-14,NVDA,0.03230646120657532
2020-07-15,NVDA,-0.014431009266111516
2020-07-16,NVDA,-0.009044312387423203
2020-07-17,NVDA,0.006586013181089756
2020-07-20,NVDA,0.030314285328399082
2020-07-21,NVDA,-0.017339559214325728
2020-07-22,NVDA,0.010674376669521424
2020-07-23,NVDA,-0.02960101874808485
2020-07-24,NVDA,0.0063917563166164815
2020-07-27,NVDA,0.022267123071030293
2020-07-28,NVDA,-0.019766827147751242
2020-07-29,NVDA,0.024472354659567985
2020-07-30,NVDA,0.014189851594701208
2020-07-31,NVDA,7.049476053544446e-05
2020-08-03,NVDA,0.03725935330574126
2020-08-04,NVDA,0.01975432150767431
2020-08-05,NVDA,0.005255031139457689
2020-08-06,NVDA,0.004319042153980268
2020-08-07,NVDA,-0.011997553490386892
2020-08-10,NVDA,-0.0030804072056377363
2020-08-11,NVDA,-0.02821322336571863
2020-08-12,NVDA,0.05440095142073331
2020-08-13,NVDA,0.0002402028275352297
2020-08-14,NVDA,0.010573995391420787
2020-08-17,NVDA,0.06684537087991771
2020-08-18,NVDA,-0.006180189686824988
2020-08-19,NVDA,-0.009971209043043494
2020-08-20,NVDA,0.0002062851791311271
2020-08-21,NVDA,0.04468325087568403
2020-08-24,NVDA,0.002897346778092613
2020-08-25,NVDA,0.0023388169751792365
2020-08-26,NVDA,0.0018039955360509285
2020-08-27,NVDA,-0.01133244340969597
2020-08-28,NVDA,0.04113787524308288
2020-08-31,NVDA,0.0172464070076368
2020-09-01,NVDA,0.033693401138408685
2020-09-02,NVDA,0.03802187239905552
2020-09-03,NVDA,-0.09277506442495187
2020-09-04,NVDA,-0.030194952941785203
2020-09-08,NVDA,-0.05620927494260808
2020-09-09,NVDA,0.06732159073481836
2020-09-10,NVDA,-0.031714719933726654
2020-09-11,NVDA,-0.011959686867776487
2020-09-14,NVDA,0.058181042145410755
2020-09-15,NVDA,0.009225537834365305
2020-09-16,NVDA,-0.036679316357124736
2020-09-17,NVDA,-0.004075148253046557
2020-09-18,NVDA,-0.022004331732987104
2020-09-21,NVDA,0.02690891398729134
2020-09-22,NVDA,0.009626641438841954
2020-09-23,NVDA,-0.04067156850315867
2020-09-24,NVDA,0.01849661135963765
2020-09-25,NVDA,0.04257782025586687
2020-09-28,NVDA,0.012525501936207828
2020-09-29,NVDA,0.014633648777165886
2020-09-30,NVDA,0.023042172225517854
2020-10-01,NVDA,0.006208176706778534
2020-10-02,NVDA,-0.0405632776452004
2020-10-05,NVDA,0.044421990899284225
2020-10-06,NVDA,0.006890181496625791
2020-10-07,NVDA,0.0165616813618239
2020-10-08,NVDA,-0.008969572241899204
2020-10-09,NVDA,-0.005491982621900537
2020-10-12,NVDA,0.03365985368961555
2020-10-13,NVDA,0.0015640293554211038
2020-10-14,NVDA,-0.010737899362395109
2020-10-15,NVDA,-0.008886252828571473
2020-10-16,NVDA,-0.01134575235937052
2020-10-19,NVDA,-0.0227165096883154
2020-10-20,NVDA,0.010946246082615962
2020-10-21,NVDA,-0.008849047600721804
2020-10-22,NVDA,-0.012107473559988424
2020-10-23,NVDA,0.01715814823039863
2020-10-26,NVDA,-0.03303837415984778
2020-10-27,NVDA,0.019442603300316996
2020-10-28,NVDA,-0.05745808322115753
2020-10-29,NVDA,0.03144078127891636
2020-10-30,NVDA,-0.03762281357014441
2020-11-02,NVDA,0.0037296637853705406
2020-11-03,NVDA,0.034874752764994854
2020-11-04,NVDA,0.05950707342617134
2020-11-05,NVDA,0.02651445467288771
2020-11-06,NVDA,0.028389940394432767
2020-11-09,NVDA,-0.06395078795616294
2020-11-10,NVDA,-0.06314747418664546
2020-11-11,NVDA,0.05074358148295932
2020-11-12,NVDA,0.002888129981104548
2020-11-13,NVDA,-0.01187153280188702
2020-11-16,NVDA,0.016413687273330035
2020-11-17,NVDA,-0.00688116686902196
2020-11-18,NVDA,0.0004842431070006814
2020-11-19,NVDA,0.0008564710756169269
2020-11-20,NVDA,-0.026227193215129452
2020-11-23,NVDA,0.003992323629556704
2020-11-24,NVDA,-0.01386992467787862
2020-11-25,NVDA,0.021377098312491682
2020-11-27,NVDA,0.002002285745343002
2020-11-30,NVDA,0.010575963126080445
2020-12-01,NVDA,-0.0008582125639207128
2020-12-02,NVDA,0.011538529402919107
2020-12-03,NVDA,-0.010671670993522397
2020-12-04,NVDA,0.012112012775876257
2020-12-07,NVDA,0.003576945445445956
2020-12-08,NVDA,-0.018869172286411384
2020-12-09,NVDA,-0.03140457791849882
2020-12-10,NVDA,0.0032094235579780417
2020-12-11,NVDA,0.003160676895110681
2020-12-14,NVDA,0.02270755597803209
2020-12-15,NVDA,0.0038883688861224286
2020-12-16,NVDA,-0.008831946800185397
2020-12-17,NVDA,0.007457117727849738
2020-12-18,NVDA,-0.005190855933947303
2020-12-21,NVDA,0.004539733766172116
2020-12-22,NVDA,-0.0040502111712927835
2020-12-23,NVDA,-0.02025894572478426
2020-12-24,NVDA,-0.001191447860906747
2020-12-28,NVDA,-0.007214985126484663
2020-12-29,NVDA,0.00335287639745796
2020-12-30,NVDA,0.015645225840107635
2020-12-31,NVDA,-0.006903512888875474
2021-01-04,NVDA,0.004481149696388131
2021-01-05,NVDA,0.02221004766259882
2021-01-06,NVDA,-0.05895304305768523
2021-01-07,NVDA,0.057830227125526656
2021-01-08,NVDA,-0.005039799279430768
2021-01-11,NVDA,0.02596650176934978
2021-01-12,NVDA,-0.010039368973205565
2021-01-13,NVDA,0.0034853924119284674
2021-01-14,NVDA,-0.024497800911350787
2021-01-15,NVDA,-0.025813888341350122
2021-01-19,NVDA,0.01288919119232168
2021-01-20,NVDA,0.026141697321724333
2021-01-21,NVDA,0.03753980569882387
2021-01-22,NVDA,-0.011177099062513851
2021-01-25,NVDA,-0.00432088571985656
2021-01-26,NVDA,-0.01596695821934324
2021-01-27,NVDA,-0.03851793615179211
2021-01-28,NVDA,0.010315074507507127
2021-01-29,NVDA,-0.004693101619805851
2021-02-01,NVDA,0.01903450844794996
2021-02-02,NVDA,0.02415566809517644
2021-02-03,NVDA,-0.0019362335172390388
2021-02-04,NVDA,0.009884760366029699
2021-02-05,NVDA,-0.005360537975498514
2021-02-08,NVDA,0.062375917525193
2021-02-09,NVDA,-0.012154817391965445
2021-02-10,NVDA,0.035125158615009866
2021-02-11,NVDA,0.03295110789977618
2021-02-12,NVDA,-0.01898252445008819
2021-02-16,NVDA,0.024663730153738683
2021-02-17,NVDA,-0.027674130381206474
2021-02-18,NVDA,-0.0051655797293672645
2021-02-19,NVDA,0.006574832203426029
2021-02-22,NVDA,-0.03823734208821372
2021-02-23,NVDA,-0.014889595141775902
2021-02-24,NVDA,0.025243841162569503
2021-02-25,NVDA,-0.08217787924245323
2021-02-26,NVDA,0.03058423204813554
2021-03-01,NVDA,0.009278568676908128
2021-03-02,NVDA,-0.0314628317640121
2021-03-03,NVDA,-0.04486704420418752
2021-03-04,NVDA,-0.033932900557204215
2021-03-05,NVDA,0.007376729262742243
2021-03-08,NVDA,-0.06967476408202555
2021-03-09,NVDA,0.08033309382941844
2021-03-10,NVDA,-0.004153202689072155
2021-03-11,NVDA,0.04212698933069059
2021-03-12,NVDA,-0.01058216861917638
2021-03-15,NVDA,0.026077273447510763
2021-03-16,NVDA,0.007580901574588017
2021-03-17,NVDA,0.003761895990976427
2021-03-18,NVDA,-0.046378936213432254
2021-03-19,NVDA,0.009687674949746983
2021-03-22,NVDA,0.026506919051289435
2021-03-23,NVDA,-0.00875925933846522
2021-03-24,NVDA,-0.032725809776860904
2021-03-25,NVDA,-0.00852252300069567
2021-03-26,NVDA,0.024251877522154297
2021-03-29,NVDA,0.00848948829734919
2021-03-30,NVDA,-0.005908230734095188
2021-03-31,NVDA,0.03701919420805111
2021-04-01,NVDA,0.0347236032746705
2021-04-05,NVDA,0.012724778629990663
2021-04-06,NVDA,-0.00900822524301359
2021-04-07,NVDA,0.020343979185009076
2021-04-08,NVDA,0.01226734380010952
2021-04-09,NVDA,0.0057972750463721745
2021-04-12,NVDA,0.056180561437850995
2021-04-13,NVDA,0.0309355386578114
2021-04-14,NVDA,-0.025670419155280677
2021-04-15,NVDA,0.05631012703018623
2021-04-16,NVDA,-0.013927343449558371
2021-04-19,NVDA,-0.03461121020230162
2021-04-20,NVDA,-0.012400767012847091
2021-04-21,NVDA,0.012474124736710834
2021-04-22,NVDA,-0.03321822848561207
2021-04-23,NVDA,0.027945645491968207
2021-04-26,NVDA,0.013936839740182227
2021-04-27,NVDA,-0.006218661889912158
2021-04-28,NVDA,-0.0068260902205548035
2021-04-29,NVDA,0.0031419384393567285
2021-04-30,NVDA,-0.020571466211776857
2021-05-03,NVDA,-0.011509180665789098
2021-05-04,NVDA,-0.032722918722761785
2021-05-05,NVDA,0.007473371808340401
2021-05-06,NVDA,0.004460955777609854
2021-05-07,NVDA,0.019916727150731006
2021-05-10,NVDA,-0.036895068025806
2021-05-11,NVDA,0.002838927025363036
2021-05-12,NVDA,-0.03828747939574617
2021-05-13,NVDA,-0.006777552405155984
2021-05-14,NVDA,0.0422786902504686
2021-05-17,NVDA,-0.005441282551787996
2021-05-18,NVDA,-0.010571356963171352
2021-05-19,NVDA,0.0035673685321879756
2021-05-20,NVDA,0.03887097329937195
2021-05-21,NVDA,0.025953899348666543
2021-05-24,NVDA,0.041372753748866176
2021-05-25,NVDA,0.0022897481723986868
2021-05-26,NVDA,0.003339295094855199
2021-05-27,NVDA,-0.013503300203939528
2021-05-28,NVDA,0.04884427164768357
2021-06-01,NVDA,0.0012314053438495787
2021-06-02,NVDA,0.0315869071342485
2021-06-03,NVDA,0.011413544041877
2021-06-04,NVDA,0.03585814647850394
2021-06-07,NVDA,0.002318035365782567
2021-06-08,NVDA,-0.009194489816712448
2021-06-09,NVDA,-0.005428976422414911
2021-06-10,NVDA,0.003845319091231314
2021-06-11,NVDA,0.022970152973470048
2021-06-14,NVDA,0.010855098503542271
2021-06-15,NVDA,-0.012778100491906863
2021-06-16,NVDA,0.0012224751032312575
2021-06-17,NVDA,0.04755703695658653
2021-06-18,NVDA,-0.000991595361067077
2021-06-21,NVDA,-0.011347238882293276
2021-06-22,NVDA,0.02493592794222166
2021-06-23,NVDA,0.009027226501319596
2021-06-24,NVDA,0.007779098477108004
2021-06-25,NVDA,-0.0090854108638182
2021-06-28,NVDA,0.05012846783302449
2021-06-29,NVDA,0.0020893894479998565
2021-06-30,NVDA,-0.0012111630868796297
2021-07-01,NVDA,0.010473832285284423
2021-07-02,NVDA,0.013605531597911114
2021-07-06,NVDA,0.010323632808126648
2021-07-07,NVDA,-0.01578617065405652
2021-07-08,NVDA,-0.023022184975376336
2021-07-09,NVDA,0.007411079577894331
2021-07-12,NVDA,0.023054823999873353
2021-07-13,NVDA,-0.012797271028730628
2021-07-14,NVDA,-0.020172682984015866
2021-07-15,NVDA,-0.04411233596943376
2021-07-16,NVDA,-0.04245700110998041
2021-07-19,NVDA,0.03407052216460493
2021-07-20,NVDA,-0.008932606272406884
2021-07-21,NVDA,0.0428754640372897
2021-07-22,NVDA,0.009479403847892254
2021-07-23,NVDA,-0.0018368724588142538
2021-07-26,NVDA,-0.013498249170029397
2021-07-27,NVDA,-0.004457621685067359
2021-07-28,NVDA,0.015358373661681357
2021-07-29,NVDA,0.008152386702033665
2021-07-30,NVDA,-0.008290123808436856
2021-08-02,NVDA,0.012872815745258892
2021-08-03,NVDA,0.0032909950999449045
2021-08-04,NVDA,0.02316426002913552
2021-08-05,NVDA,0.01790450428231316
2021-08-06,NVDA,-0.013131674723841691
2021-08-09,NVDA,-0.0034860579736396557
2021-08-10,NVDA,-0.017688951014756205
2021-08-11,NVDA,-0.011888243701948964
2021-08-12,NVDA,0.010457442647561432
2021-08-13,NVDA,0.014217821067211478
2021-08-16,NVDA,-0.01178955213903865
2021-08-17,NVDA,-0.0246616629815124
2021-08-18,NVDA,-0.021482084772147192
2021-08-19,NVDA,0.03981103239301276
2021-08-20,NVDA,0.05141934337164278
2021-08-23,NVDA,0.05486156812479792
2021-08-24,NVDA,-0.0075145061148612635
2021-08-25,NVDA,0.01927240310735656
2021-08-26,NVDA,-0.00652782763822779
2021-08-27,NVDA,0.025738510940489068
2021-08-30,NVDA,0.0022975480520577296
2021-08-31,NVDA,-0.013181060493348107
2021-09-01,NVDA,0.0025015842997284654
2021-09-02,NVDA,-0.002005419717255319
2021-09-03,NVDA,0.019958990129813392
2021-09-07,NVDA,-0.007923428967646085
2021-09-08,NVDA,-0.014253027177620337
2021-09-09,NVDA,-0.00725201307930512
2021-09-10,NVDA,0.013572624840202607
2021-09-13,NVDA,-0.014503097634687268
2021-09-14,NVDA,0.004062907385294912
2021-09-15,NVDA,0.004450984779200917
2021-09-16,NVDA,-0.004431261302590528
2021-09-17,NVDA,-0.015376402623419994
2021-09-20,NVDA,-0.03593593103557202
2021-09-21,NVDA,0.006299456777643542
2021-09-22,NVDA,0.03271186457448172
2021-09-23,NVDA,0.024656993271430228
2021-09-24,NVDA,-0.017836251568432937
2021-09-27,NVDA,-0.019066489774415607
2021-09-28,NVDA,-0.04436737840990512
2021-09-29,NVDA,-0.008792608499398447
2021-09-30,NVDA,0.009699318427531356
2021-10-01,NVDA,0.0012549769189043047
2021-10-04,NVDA,-0.0486934157781479
2021-10-05,NVDA,0.03643813940397722
2021-10-06,NVDA,0.0121754481574885
2021-10-07,NVDA,0.018116142059771745
2021-10-08,NVDA,-0.011577822565215112
2021-10-11,NVDA,-0.006528678562762291
2021-10-12,NVDA,-0.0011595660598514579
2021-10-13,NVDA,0.012964829453980142
2021-10-14,NVDA,0.03854070302740009
2021-10-15,NVDA,0.005334120513844409
2021-10-18,NVDA,0.01646694560742601
2021-10-19,NVDA,0.0030601779382015692
2021-10-20,NVDA,-0.008389472057927616
2021-10-21,NVDA,0.02664775691533694
2021-10-22,NVDA,0.0014984819374943559
2021-10-25,NVDA,0.019361140146033184
2021-10-26,NVDA,0.0669513875088279
2021-10-27,NVDA,-0.010761860720229
2021-10-28,NVDA,0.02004017836800598
2021-10-29,NVDA,0.025099208097556946
2021-11-01,NVDA,0.010169365341905934
2021-11-02,NVDA,0.02222492549835109
2021-11-03,NVDA,0.007461767156787591
2021-11-04,NVDA,0.12042263251220175
2021-11-05,NVDA,-0.001644164546505178
2021-11-08,NVDA,0.03535877619000005
2021-11-09,NVDA,-0.0047720127615157315
2021-11-10,NVDA,-0.03907752319931057
2021-11-11,NVDA,0.031603154853266036
2021-11-12,NVDA,0.0
2021-11-15,NVDA,-0.012010394574517025
2021-11-16,NVDA,0.005928273491865754
2021-11-17,NVDA,-0.03118899797529673
2021-11-18,NVDA,0.08249907862594408
2021-11-19,NVDA,0.041357213727435616
2021-11-22,NVDA,-0.031195846679685557
2021-11-23,NVDA,-0.006571507801804155
2021-11-24,NVDA,0.02923211628915645
2021-11-26,NVDA,-0.03583895459455855
2021-11-29,NVDA,0.05945467332090115
2021-11-30,NVDA,-0.020973139759550508
2021-12-01,NVDA,-0.03786116964832131
2021-12-02,NVDA,0.02198198246389449
2021-12-03,NVDA,-0.04460577716781189
2021-12-06,NVDA,-0.021372924619765588
2021-12-07,NVDA,0.07956822395934493
2021-12-08,NVDA,-0.018533640964344733
2021-12-09,NVDA,-0.04197826364184143
2021-12-10,NVDA,-0.009576958444884598
2021-12-13,NVDA,-0.06745478200580635
2021-12-14,NVDA,0.006249804920482216
2021-12-15,NVDA,0.07488452048920524
2021-12-16,NVDA,-0.06802593016236114
2021-12-17,NVDA,-0.020643242724383226
2021-12-20,NVDA,-0.0029494443707862583
2021-12-21,NVDA,0.04891940167385567
2021-12-22,NVDA,0.01117803887734059
2021-12-23,NVDA,0.008163205087017067
2021-12-27,NVDA,0.04402823952928103
2021-12-28,NVDA,-0.020132528634037028
2021-12-29,NVDA,-0.010586318140572981
2021-12-30,NVDA,-0.013832797299858757
2021-12-31,NVDA,-0.005915006655545008
2022-01-03,NVDA,0.024140666042695935
2022-01-04,NVDA,-0.027588553243851677
2022-01-05,NVDA,-0.05756259644662798
2022-01-06,NVDA,0.02079428872132949
2022-01-07,NVDA,-0.03303982144075357
2022-01-10,NVDA,0.005615089201351786
2022-01-11,NVDA,0.015218988008081746
2022-01-12,NVDA,0.00654272002013534
2022-01-13,NVDA,-0.05085894846036254
2022-01-14,NVDA,0.013810028981330547
2022-01-18,NVDA,-0.038564252500667084
2022-01-19,NVDA,-0.03227422222773024
2022-01-20,NVDA,-0.03658215680430299
2022-01-21,NVDA,-0.03213231706221886
2022-01-24,NVDA,-8.575595261983704e-05
2022-01-25,NVDA,-0.04483990222492418
2022-01-26,NVDA,0.02006824341177338
2022-01-27,NVDA,-0.03636054384950471
2022-01-28,NVDA,0.04083125943702637
2022-01-31,NVDA,0.07206661598452002
2022-02-01,NVDA,0.0062074236554159334
2022-02-02,NVDA,0.02451512260314548
2022-02-03,NVDA,-0.05126376866932281
2022-02-04,NVDA,0.015491854161646446
2022-02-07,NVDA,0.01681810924483318
2022-02-08,NVDA,0.015367229944504235
2022-02-09,NVDA,0.06360515945164047
2022-02-10,NVDA,-0.03299012107380228
2022-02-11,NVDA,-0.07260670369293065
2022-02-14,NVDA,0.01327814277863193
2022-02-15,NVDA,0.09181184503000583
2022-02-16,NVDA,0.0006040081040217249
2022-02-17,NVDA,-0.07559144629594616
2022-02-18,NVDA,-0.03529603664500869
2022-02-22,NVDA,-0.010658923343590865
2022-02-23,NVDA,-0.04288149125393281
2022-02-24,NVDA,0.06079418688705407
2022-02-25,NVDA,0.017222405364354154
2022-02-28,NVDA,0.009438264283265108
2022-03-01,NVDA,-0.03723613453773955
2022-03-02,NVDA,0.03182385369965712
2022-03-03,NVDA,-0.020891620003148925
2022-03-04,NVDA,-0.032807664249601354
2022-03-07,NVDA,-0.06906183747525663
2022-03-08,NVDA,0.007587165838560894
2022-03-09,NVDA,0.06972201612570217
2022-03-10,NVDA,-0.015468737521830866
2022-03-11,NVDA,-0.024627012097522494
2022-03-14,NVDA,-0.03484178957283568
2022-03-15,NVDA,0.0770277829155468
2022-03-16,NVDA,0.06629496134542423
2022-03-17,NVDA,0.011022366061164135
2022-03-18,NVDA,0.06811748509651339
2022-03-21,NVDA,0.010622568717253422
2022-03-22,NVDA,-0.00785511957371765
2022-03-23,NVDA,-0.0335546095874244
2022-03-24,NVDA,0.0981510429515342
2022-03-25,NVDA,-0.0162698904477121
2022-03-28,NVDA,0.01903073197978178
2022-03-29,NVDA,0.01548598617604835
2022-03-30,NVDA,-0.03371022934177892
2022-03-31,NVDA,-0.014590135204877175
2022-04-01,NVDA,-0.021036476646251634
2022-04-04,NVDA,0.024258792880841318
2022-04-05,NVDA,-0.05222944480173286
2022-04-06,NVDA,-0.058771396833725786
2022-04-07,NVDA,-0.008153319350474142
2022-04-08,NVDA,-0.044985224139679536
2022-04-11,NVDA,-0.051991914385236204
2022-04-12,NVDA,-0.018843964304602112
2022-04-13,NVDA,0.03250566736687688
2022-04-14,NVDA,-0.042561825492849925
2022-04-18,NVDA,0.024696710415571976
2022-04-19,NVDA,0.019051448884179978
2022-04-20,NVDA,-0.032255052188997935
2022-04-21,NVDA,-0.060469194883919664
2022-04-22,NVDA,-0.033097158997863585
2022-04-25,NVDA,0.019830959342054477
2022-04-26,NVDA,-0.055974432159893284
2022-04-27,NVDA,-0.019853051462494387
2022-04-28,NVDA,0.0742330569751335
2022-04-29,NVDA,-0.06243054843293705
2022-05-02,NVDA,0.053162209665910565
2022-05-03,NVDA,0.003532568694948779
2022-05-04,NVDA,0.0373430257456977
2022-05-05,NVDA,-0.07327619172535949
2022-05-06,NVDA,-0.00896833617076842
2022-05-09,NVDA,-0.09236964841620021
2022-05-10,NVDA,0.03805306692230226
2022-05-11,NVDA,-0.054845090108030625
2022-05-12,NVDA,-0.027359954782061213
2022-05-13,NVDA,0.09465218503122075
2022-05-16,NVDA,-0.024963437585579396
2022-05-17,NVDA,0.05288490055730399
2022-05-18,NVDA,-0.06816314522841371
2022-05-19,NVDA,0.010981277788192356
2022-05-20,NVDA,-0.02511111411107092
2022-05-23,NVDA,0.012219715930744002
2022-05-24,NVDA,-0.044028538395389116
2022-05-25,NVDA,0.050823246737011774
2022-05-26,NVDA,0.051605430759749105
2022-05-27,NVDA,0.05377824483489313
2022-05-31,NVDA,-0.007389021473896196
2022-06-01,NVDA,-0.018851997489906513
2022-06-02,NVDA,0.06943221121828613
2022-06-03,NVDA,-0.04450785703517324
2022-06-06,NVDA,0.003525450879387826
2022-06-07,NVDA,0.007452654106724355
2022-06-08,NVDA,-0.014480700088600251
2022-06-09,NVDA,-0.0321749646798436
2022-06-10,NVDA,-0.05950784868214953
2022-06-13,NVDA,-0.07817848910818914
2022-06-14,NVDA,0.012079029087671334
2022-06-15,NVDA,0.04363461270783309
2022-06-16,NVDA,-0.05602937257134588
2022-06-17,NVDA,0.01788350998991639
2022-06-21,NVDA,0.04319892630262667
2022-06-22,NVDA,-0.012435135183437529
2022-06-23,NVDA,-0.00825184176947169
2022-06-24,NVDA,0.055531578749093535
2022-06-27,NVDA,-0.01500631885508208
2022-06-28,NVDA,-0.05258169755542563
2022-06-29,NVDA,-0.027530977870235174
2022-06-30,NVDA,-0.0246429546941207
2022-07-01,NVDA,-0.041955290128794065
2022-07-05,NVDA,0.030365565223475555
2022-07-06,NVDA,0.011093298062092138
2022-07-07,NVDA,0.0481164052598575
2022-07-08,NVDA,-0.001261114018980658
2022-07-11,NVDA,-0.04331354429937795
2022-07-12,NVDA,-0.00461994032198898
2022-07-13,NVDA,0.005436983799991912
2022-07-14,NVDA,0.013716655758288399
2022-07-15,NVDA,0.02537076683516304
2022-07-18,NVDA,0.021507469046006644
2022-07-19,NVDA,0.05533808922625827
2022-07-20,NVDA,0.04796383579839136
2022-07-21,NVDA,0.013646160508247185
2022-07-22,NVDA,-0.040498674781999866
2022-07-25,NVDA,-0.017033189247720015
2022-07-26,NVDA,-0.028841568732523415
2022-07-27,NVDA,0.07602978799311622
2022-07-28,NVDA,0.010904855873353103
2022-07-29,NVDA,0.009953359525695316
2022-08-01,NVDA,0.015305934655501563
2022-08-02,NVDA,0.004609160793825229
2022-08-03,NVDA,0.01981014887357091
2022-08-04,NVDA,0.017043291215360634
2022-08-05,NVDA,-0.011761702630192272
2022-08-08,NVDA,-0.06298381187933566
2022-08-09,NVDA,-0.03973476093262007
2022-08-10,NVDA,0.05917140381400676
2022-08-11,NVDA,-0.008565104143028357
2022-08-12,NVDA,0.04274878968618334
2022-08-15,NVDA,0.017264716878613084
2022-08-16,NVDA,-0.008039339702874737
2022-08-17,NVDA,-0.028815103540904108
2022-08-18,NVDA,0.023889118137950804
2022-08-19,NVDA,-0.04921988416289147
2022-08-22,NVDA,-0.045660689234790386
2022-08-23,NVDA,0.00862942551569823
2022-08-24,NVDA,0.0023865971673679987
2022-08-25,NVDA,0.040123190468088765
2022-08-26,NVDA,-0.09227947746886234
2022-08-29,NVDA,-0.028228718154866828
2022-08-30,NVDA,-0.021074503447753967
2022-08-31,NVDA,-0.024179037149451577
2022-09-01,NVDA,-0.07665291375337102
2022-09-02,NVDA,-0.020807985771216342
2022-09-06,NVDA,-0.013336337911465934
2022-09-07,NVDA,0.018795015553874306
2022-09-08,NVDA,0.02012535189342257
2022-09-09,NVDA,0.028377581648393546
2022-09-12,NVDA,0.008201884579931429
2022-09-13,NVDA,-0.0947260373924752
2022-09-14,NVDA,-0.00022831209594575963
2022-09-15,NVDA,-0.015158512415014314
2022-09-16,NVDA,0.02080591306672397
2022-09-19,NVDA,0.013941554677439516
2022-09-20,NVDA,-0.015393981605447027
2022-09-21,NVDA,0.006451266953062751
2022-09-22,NVDA,-0.05278645434344109
2022-09-23,NVDA,-0.003582596938499827
2022-09-26,NVDA,-0.02301043423257032
2022-09-27,NVDA,0.015129156967462976
2022-09-28,NVDA,0.026021055008708105
2022-09-29,NVDA,-0.040514899145680516
2022-09-30,NVDA,-0.006628515084641795
2022-10-03,NVDA,0.030727443146419953
2022-10-04,NVDA,0.05234968098279258
2022-10-05,NVDA,0.0031898778969472463
2022-10-06,NVDA,-0.0059809317098236114
2022-10-07,NVDA,-0.08027410592277984
2022-10-10,NVDA,-0.03362040625477836
2022-10-11,NVDA,-0.007197890318383915
2022-10-12,NVDA,-0.007422965217371291
2022-10-13,NVDA,0.04000014612077174
2022-10-14,NVDA,-0.06128745282249182
2022-10-17,NVDA,0.05887574017333752
2022-10-18,NVDA,0.006645295258334238
2022-10-19,NVDA,0.007019331564644737
2022-10-20,NVDA,0.011866245252214469
2022-10-21,NVDA,0.022306171639322914
2022-10-24,NVDA,0.010668857129727538
2022-10-25,NVDA,0.05254397597314142
2022-10-26,NVDA,-0.027524280624228847
2022-10-27,NVDA,0.021711972157786308
2022-10-28,NVDA,0.049939366974547816
2022-10-31,NVDA,-0.024360274158851225
2022-11-01,NVDA,0.0034082828750992
2022-11-02,NVDA,-0.02392379072411155
2022-11-03,NVDA,0.015280953249393825
2022-11-04,NVDA,0.05476492447380088
2022-11-07,NVDA,0.010242896144015079
2022-11-08,NVDA,0.02104758716707522
2022-11-09,NVDA,-0.05656757812121982
2022-11-10,NVDA,0.1432926945483446
2022-11-11,NVDA,0.03663471281390218
2022-11-14,NVDA,-0.0019598236731775964
2022-11-15,NVDA,0.02276779216785796
2022-11-16,NVDA,-0.04536182179431203
2022-11-17,NVDA,-0.01464494968574026
2022-11-18,NVDA,-0.017095048790403022
2022-11-21,NVDA,-0.005970433537234476
2022-11-22,NVDA,0.047071834417608205
2022-11-23,NVDA,0.029991254822795632
2022-11-25,NVDA,-0.015073734722382603
2022-11-28,NVDA,-0.027227918284204455
2022-11-29,NVDA,-0.011878385447834705
2022-11-30,NVDA,0.0823791267433076
2022-12-01,NVDA,0.012527405214760368
2022-12-02,NVDA,-0.015115485194685752
2022-12-05,NVDA,-0.015761608792012383
2022-12-06,NVDA,-0.03750765312778026
2022-12-07,NVDA,0.008319393442964618
2022-12-08,NVDA,0.06507435204425183
2022-12-09,NVDA,-0.00978517056805539
2022-12-12,NVDA,0.031410013402947135
2022-12-13,NVDA,0.0306245050475622
2022-12-14,NVDA,-0.02202319564350952
2022-12-15,NVDA,-0.040850996906903414
2022-12-16,NVDA,-0.022475189857109945
2022-12-19,NVDA,-0.01912984173285137
2022-12-20,NVDA,-0.010397443896132175
2022-12-21,NVDA,0.025862950916020866
2022-12-22,NVDA,-0.07042017817817703
2022-12-23,NVDA,-0.00867066177393494
2022-12-27,NVDA,-0.07135337419377075
2022-12-28,NVDA,-0.006019483982234952
2022-12-29,NVDA,0.040396016468700946
2022-12-30,NVDA,0.0007532639093834614
2023-01-03,NVDA,-0.02045984922939681
2023-01-04,NVDA,0.03031799689978687
2023-01-05,NVDA,-0.032815779066049156
2023-01-06,NVDA,0.04164031108651378
2023-01-09,NVDA,0.05175309516255355
2023-01-10,NVDA,0.017980599405433173
2023-01-11,NVDA,0.005782811283147948
2023-01-12,NVDA,0.031872961998911764
2023-01-13,NVDA,0.023499363497721637
2023-01-17,NVDA,0.047518027417761566
2023-01-18,NVDA,-0.01835969115808167
2023-01-19,NVDA,-0.03521893694463507
2023-01-20,NVDA,0.06406212244710185
2023-01-23,NVDA,0.07590116419682746
2023-01-24,NVDA,0.0037511473360518632
2023-01-25,NVDA,0.0030108695124391183
2023-01-26,NVDA,0.02478901770738684
2023-01-27,NVDA,0.028431278127235782
2023-01-30,NVDA,-0.05907182290817625
2023-01-31,NVDA,0.019570143274948215
2023-02-01,NVDA,0.07196588130119075
2023-02-02,NVDA,0.03657538112515746
2023-02-03,NVDA,-0.028052810939898865
2023-02-06,NVDA,-0.0005214133223411244
2023-02-07,NVDA,0.05140116823840635
2023-02-08,NVDA,0.0014432557604526774
2023-02-09,NVDA,0.005944559911791103
2023-02-10,NVDA,-0.04799216178221
2023-02-13,NVDA,0.024594488539943393
2023-02-14,NVDA,0.05429604607571292
2023-02-15,NVDA,-0.009011425841729648
2023-02-16,NVDA,-0.033473937068968174
2023-02-17,NVDA,-0.027906301173460935
2023-02-21,NVDA,-0.03427183343798801
2023-02-22,NVDA,0.004793082891617395
2023-02-23,NVDA,0.14021383980678115
2023-02-24,NVDA,-0.015973483128990162
2023-02-27,NVDA,0.009232866973259313
2023-02-28,NVDA,-0.01212703328939202
2023-03-01,NVDA,-0.02231219975890264
2023-03-02,NVDA,0.027138906551205544
2023-03-03,NVDA,0.02470621239373716
2023-03-06,NVDA,-0.014064357402472583
2023-03-07,NVDA,-0.011125364146040817
2023-03-08,NVDA,0.0383458623815216
2023-03-09,NVDA,-0.030809162014189484
2023-03-10,NVDA,-0.0200973466628801
2023-03-13,NVDA,4.355189291160855e-05
2023-03-14,NVDA,0.047766201014149745
2023-03-15,NVDA,0.006857050571917878
2023-03-16,NVDA,0.05419344846156915
2023-03-17,NVDA,0.00720405218687481
2023-03-20,NVDA,0.006802908347750991
2023-03-21,NVDA,0.011544364283948116
2023-03-22,NVDA,0.010267483047079917
2023-03-23,NVDA,0.027315940097577762
2023-03-24,NVDA,-0.015152040563618185
2023-03-27,NVDA,-0.009260773890130136
2023-03-28,NVDA,-0.0045608980903020235
2023-03-29,NVDA,0.02173411220093402
2023-03-30,NVDA,0.014786639128960388
2023-03-31,NVDA,0.014388484695388337
2023-04-03,NVDA,0.006768235552408353
2023-04-04,NVDA,-0.018308626451342014
2023-04-05,NVDA,-0.020835520531340634
2023-04-06,NVDA,0.005803271997637971
2023-04-10,NVDA,0.02004667705048302
2023-04-11,NVDA,-0.014866545338374726
2023-04-12,NVDA,-0.02480759997824944
2023-04-13,NVDA,-0.001207835354592901
2023-04-14,NVDA,0.011147651894997779
2023-04-17,NVDA,0.009118813788807856
2023-04-18,NVDA,0.024627802447136915
2023-04-19,NVDA,0.009542012776081243
2023-04-20,NVDA,-0.02960870181141495
2023-04-21,NVDA,0.0005535175405906312
2023-04-24,NVDA,-0.0028393958538148745
2023-04-25,NVDA,-0.029620662906446493
2023-04-26,NVDA,0.027247468641883987
2023-04-27,NVDA,0.010016460904767044
2023-04-28,NVDA,0.019209533699882764
2023-05-01,NVDA,0.041839271603498096
2023-05-02,NVDA,-0.024213080495826156
2023-05-03,NVDA,-0.014462901343736179
2023-05-04,NVDA,-0.008632491641541007
2023-05-05,NVDA,0.04056317279919641
2023-05-08,NVDA,0.016422577253570436
2023-05-09,NVDA,-0.019896428491920748
2023-05-10,NVDA,0.010990220841917031
2023-05-11,NVDA,-0.010628499760129695
2023-05-12,NVDA,-0.008327958420919823
2023-05-15,NVDA,0.021630025173010603
2023-05-16,NVDA,0.008980207601087642
2023-05-17,NVDA,0.03303327496033659
2023-05-18,NVDA,0.04970495421520127
2023-05-19,NVDA,-0.01306892999242848
2023-05-22,NVDA,-0.0028146658848794415
2023-05-23,NVDA,-0.015653142956045918
2023-05-24,NVDA,-0.004887922725205218
2023-05-25,NVDA,0.2436963738946012
2023-05-26,NVDA,0.02543442225187542
2023-05-30,NVDA,0.029913179852236738
2023-05-31,NVDA,-0.05676737408257859
2023-06-01,NVDA,0.05117088567043471
2023-06-02,NVDA,-0.01113911078897567
2023-06-05,NVDA,-0.003966732447221011
2023-06-06,NVDA,-0.013198337599459653
2023-06-07,NVDA,-0.030401250844885208
2023-06-08,NVDA,0.02761849798590399
2023-06-09,NVDA,0.006751441204477349
2023-06-12,NVDA,0.018364642881334214
2023-06-13,NVDA,0.03900526731352705
2023-06-14,NVDA,0.04814480390819509
2023-06-15,NVDA,-0.00800046304873736
2023-06-16,NVDA,0.0009142364586331997
2023-06-20,NVDA,0.02614075036246377
2023-06-21,NVDA,-0.0174169232027942
2023-06-22,NVDA,-0.00046448325838466253
2023-06-23,NVDA,-0.01896572067840041
2023-06-26,NVDA,-0.03736180181066573
2023-06-27,NVDA,0.03061630356892575
2023-06-28,NVDA,-0.018124946505680417
2023-06-29,NVDA,-0.007174655350110415
2023-06-30,NVDA,0.036254819110208336
2023-07-03,NVDA,0.002624072019096202
2023-07-05,NVDA,-0.0022633358757501165
2023-07-06,NVDA,-0.005057130739254845
2023-07-07,NVDA,0.009500409827110978
2023-07-10,NVDA,-0.007599424987020709
2023-07-11,NVDA,0.005334361106030805
2023-07-12,NVDA,0.0353024201170542
2023-07-13,NVDA,0.04726442516359519
2023-07-14,NVDA,-0.011049064177771295
2023-07-17,NVDA,0.021817153070051942
2023-07-18,NVDA,0.02223359989904683
2023-07-19,NVDA,-0.008780151431251215
2023-07-20,NVDA,-0.03307338258619186
2023-07-21,NVDA,-0.02660376257310415
2023-07-24,NVDA,0.006838273033686448
2023-07-25,NVDA,0.023917538404462757
2023-07-26,NVDA,-0.004969620072077574
2023-07-27,NVDA,0.00985678102461951
2023-07-28,NVDA,0.018518319858501497
2023-07-31,NVDA,-0.0004491457738902138
2023-08-01,NVDA,-0.004750701120297629
2023-08-02,NVDA,-0.04812182894433814
2023-08-03,NVDA,0.0055568699906085595
2023-08-04,NVDA,0.0037066880303422423
2023-08-07,NVDA,0.016495134592257488
2023-08-08,NVDA,-0.016579858608747555
2023-08-09,NVDA,-0.047241573042349994
2023-08-10,NVDA,-0.0039010029676864733
2023-08-11,NVDA,-0.036165845334389934
2023-08-14,NVDA,0.07093369095492541
2023-08-15,NVDA,0.004274099673100107
2023-08-16,NVDA,-0.010332255775365229
2023-08-17,NVDA,-0.0032654578860650263
2023-08-18,NVDA,-0.0010381862132147202
2023-08-21,NVDA,0.08471320195578258
2023-08-22,NVDA,-0.027657668581623218
2023-08-23,NVDA,0.031707266719819494
2023-08-24,NVDA,0.0009973604096444877
2023-08-25,NVDA,-0.02427732256988624
2023-08-28,NVDA,0.017753760080624348
2023-08-29,NVDA,0.04161422491657074
2023-08-30,NVDA,0.009839312305994552
2023-08-31,NVDA,0.0018471570517391012
2023-09-01,NVDA,-0.017141164533153508
2023-09-05,NVDA,0.000804106095106949
2023-09-06,NVDA,-0.03054964323905962
2023-09-07,NVDA,-0.01742422743270422
2023-09-08,NVDA,-0.014467604056475847
2023-09-11,NVDA,-0.008645849804490124
2023-09-12,NVDA,-0.006817449128280306
2023-09-13,NVDA,0.013706460499135042
2023-09-14,NVDA,0.002110466574978931
2023-09-15,NVDA,-0.03687937311873368
2023-09-18,NVDA,0.0015033048188521914
2023-09-19,NVDA,-0.01014412094919448
2023-09-20,NVDA,-0.029434778376188242
2023-09-21,NVDA,-0.02893057994531756
2023-09-22,NVDA,0.014457365390629695
2023-09-25,NVDA,0.0147080338737815
2023-09-26,NVDA,-0.00736579612212529
2023-09-27,NVDA,0.013290027698182216
2023-09-28,NVDA,0.014622711415437362
2023-09-29,NVDA,0.009515120459222981
2023-10-02,NVDA,0.029495058579831035
2023-10-03,NVDA,-0.02824799867110761
2023-10-04,NVDA,0.012041334744474996
2023-10-05,NVDA,0.01469078512798494
2023-10-06,NVDA,0.024033411766715584
2023-10-09,NVDA,-0.010685877147359024
2023-10-10,NVDA,0.01159654559430745
2023-10-11,NVDA,0.022009576076958526
2023-10-12,NVDA,0.002969655337975441
2023-10-13,NVDA,-0.031611423736039757
2023-10-16,NVDA,0.01394612366068948
2023-10-17,NVDA,-0.04679479132890596
2023-10-18,NVDA,-0.03964672526723756
2023-10-19,NVDA,-0.002251360766226118
2023-10-20,NVDA,-0.016959296853511607
2023-10-23,NVDA,0.03836963716944242
2023-10-24,NVDA,0.016009129245540654
2023-10-25,NVDA,-0.043148647780421046
2023-10-26,NVDA,-0.03477811957835164
2023-10-27,NVDA,0.0043148568730864145
2023-10-30,NVDA,0.016321092372693524
2023-10-31,NVDA,-0.009256457706403265
2023-11-01,NVDA,0.037886336311406366
2023-11-02,NVDA,0.027902933052078138
2023-11-03,NVDA,0.03445506051052383
2023-11-06,NVDA,0.016575999706907707
2023-11-07,NVDA,0.004458927958560288
2023-11-08,NVDA,0.0134696398652836
2023-11-09,NVDA,0.008073203469656676
2023-11-10,NVDA,0.029499382372559113
2023-11-13,NVDA,0.005896329589907712
2023-11-14,NVDA,0.021308064723650988
2023-11-15,NVDA,-0.015466307027770076
2023-11-16,NVDA,0.012109343924119997
2023-11-17,NVDA,-0.00367819255450641
2023-11-20,NVDA,0.022536421443553722
2023-11-21,NVDA,-0.009224616027146637
2023-11-22,NVDA,-0.024587510524971545
2023-11-24,NVDA,-0.019295578395313928
2023-11-27,NVDA,0.009753849005234239
2023-11-28,NVDA,-0.008726927895108205
2023-11-29,NVDA,0.006670918563824957
2023-11-30,NVDA,-0.028458741140314325
2023-12-01,NVDA,-0.00010690435667082276
2023-12-04,NVDA,-0.026836433700704654
2023-12-05,NVDA,0.023293799292625872
2023-12-06,NVDA,-0.022827967684153405
2023-12-07,NVDA,0.024020569937291958
2023-12-08,NVDA,0.019529496424443682
2023-12-11,NVDA,-0.01850292013744037
2023-12-12,NVDA,0.02209026997309027
2023-12-13,NVDA,0.00904388729795702
2023-12-14,NVDA,0.005448171185381323
2023-12-15,NVDA,0.011168579363335374
2023-12-18,NVDA,0.024279110003271542
2023-12-19,NVDA,-0.009445608814265594
2023-12-20,NVDA,-0.030098388887922933
2023-12-21,NVDA,0.018270324459823906
2023-12-22,NVDA,-0.003265864914734462
2023-12-26,NVDA,0.009194986181494613
2023-12-27,NVDA,0.002800476160715215
2023-12-28,NVDA,0.0021247843783671616
2023-12-29,NVDA,0.0
2019-01-03,QQQ,-0.03267046490199099
2019-01-04,QQQ,0.04278459875040941
2019-01-07,QQQ,0.01190553390944915
2019-01-08,QQQ,0.009045501454849836
2019-01-09,QQQ,0.00814943993226569
2019-01-10,QQQ,0.00286030587332875
2019-01-11,QQQ,-0.003658129617408634
2019-01-14,QQQ,-0.008836786830642929
2019-01-15,QQQ,0.019526561276094867
2019-01-16,QQQ,-0.00018512003222070916
2019-01-17,QQQ,0.007884634563195547
2019-01-18,QQQ,0.009900190373696605
2019-01-22,QQQ,-0.02003033481773553
2019-01-23,QQQ,0.0012968078236679226
2019-01-24,QQQ,0.006475641455836456
2019-01-25,QQQ,0.011948369524699354
2019-01-28,QQQ,-0.012352566552767619
2019-01-29,QQQ,-0.00944128738108685
2019-01-30,QQQ,0.02543779879673136
2019-01-31,QQQ,0.014968883782742859
2019-02-01,QQQ,-0.004222355643729747
2019-02-04,QQQ,0.012421681809093865
2019-02-05,QQQ,0.00884808303104978
2019-02-06,QQQ,-0.00298164553206981
2019-02-07,QQQ,-0.0134299687680568
2019-02-08,QQQ,0.0019618229685214317
2019-02-11,QQQ,-0.0009495046214634817
2019-02-12,QQQ,0.014786418142262558
2019-02-13,QQQ,0.0007024888188591483
2019-02-14,QQQ,0.0012275623888424736
2019-02-15,QQQ,0.004205230793982384
2019-02-19,QQQ,0.0019773052056981655
2019-02-20,QQQ,-0.00017392831217810656
2019-02-21,QQQ,-0.0036576543385996585
2019-02-22,QQQ,0.007400084814938035
2019-02-25,QQQ,0.0036441151261825677
2019-02-26,QQQ,0.0010370287266305844
2019-02-27,QQQ,-0.0006331646420353332
2019-02-28,QQQ,-0.0023041088322186543
2019-03-01,QQQ,0.0069285655315458605
2019-03-04,QQQ,0.00017191510877534455
2019-03-05,QQQ,0.0007454453290396401
2019-03-06,QQQ,-0.005671734105868631
2019-03-07,QQQ,-0.01227222509761261
2019-03-08,QQQ,-0.0015170791550336293
2019-03-11,QQQ,0.020798243490792512
2019-03-12,QQQ,0.005494310942809388
2019-03-13,QQQ,0.007513362661603962
2019-03-14,QQQ,-0.0016947830656111051
2019-03-15,QQQ,0.009280968618576857
2019-03-18,QQQ,0.002381282971378962
2019-03-19,QQQ,0.003362156135641392
2019-03-20,QQQ,0.003965704450303198
2019-03-21,QQQ,0.01563200459527936
2019-03-22,QQQ,-0.021964145154350634
2019-03-25,QQQ,-0.0019043617254145273
2019-03-26,QQQ,0.004656990665975691
2019-03-27,QQQ,-0.0064225685699080826
2019-03-28,QQQ,0.0023045284823532963
2019-03-29,QQQ,0.007571325405750784
2019-04-01,QQQ,0.013246793986723127
2019-04-02,QQQ,0.0037906833922090044
2019-04-03,QQQ,0.005746307558644581
2019-04-04,QQQ,-0.0003811287700390409
2019-04-05,QQQ,0.005171310628801606
2019-04-08,QQQ,0.0025452284210325526
2019-04-09,QQQ,-0.0035110530037542054
2019-04-10,QQQ,0.005366244440407453
2019-04-11,QQQ,-0.0023721627433921366
2019-04-12,QQQ,0.004323770096204438
2019-04-15,QQQ,0.0001612094656866514
2019-04-16,QQQ,0.003443706007138392
2019-04-17,QQQ,0.003485005410951869
2019-04-18,QQQ,0.0012824459547602363
2019-04-22,QQQ,0.0028283066869239093
2019-04-23,QQQ,0.012718180829748515
2019-04-24,QQQ,-0.0031527120389253094
2019-04-25,QQQ,0.004058775209077048
2019-04-26,QQQ,0.000892553152919584
2019-04-29,QQQ,0.0019407314957256006
2019-04-30,QQQ,-0.0077478894098991224
2019-05-01,QQQ,-0.0032182880982223327
2019-05-02,QQQ,-0.004340225769719708
2019-05-03,QQQ,0.015948002520406623
2019-05-06,QQQ,-0.006122190610813538
2019-05-07,QQQ,-0.019479779173614542
2019-05-08,QQQ,-0.002523465208819853
2019-05-09,QQQ,-0.005383076066907022
2019-05-10,QQQ,0.0012449200919224523
2019-05-13,QQQ,-0.03470286202155726
2019-05-14,QQQ,0.010975237351864786
2019-05-15,QQQ,0.014124716816693805
2019-05-16,QQQ,0.010049443849901918
2019-05-17,QQQ,-0.010220048375015778
2019-05-20,QQQ,-0.016881700080298212
2019-05-21,QQQ,0.010447655062846728
2019-05-22,QQQ,-0.004454868989412719
2019-05-23,QQQ,-0.015302279682814501
2019-05-24,QQQ,-0.0005048180824626103
2019-05-28,QQQ,-0.0037605130358837613
2019-05-29,QQQ,-0.008225984795264485
2019-05-30,QQQ,0.004203744381749974
2019-05-31,QQQ,-0.01595255071519064
2019-06-03,QQQ,-0.022017972506602645
2019-06-04,QQQ,0.028156608970681063
2019-06-05,QQQ,0.007432316768000158
2019-06-06,QQQ,0.00794490757128985
2019-06-07,QQQ,0.019312189128324997
2019-06-10,QQQ,0.0116546173476344
2019-06-11,QQQ,0.0013650642879574626
2019-06-12,QQQ,-0.005779418138586734
2019-06-13,QQQ,0.005922805194334746
2019-06-14,QQQ,-0.004252491590832297
2019-06-17,QQQ,0.006022775248730294
2019-06-18,QQQ,0.014531496155178347
2019-06-19,QQQ,0.003754960589095413
2019-06-20,QQQ,0.009299339354148062
2019-06-21,QQQ,-0.0014826625077802857
2019-06-24,QQQ,3.216068894595914e-05
2019-06-25,QQQ,-0.01716652058718815
2019-06-26,QQQ,0.004650374338430963
2019-06-27,QQQ,0.0038216775564112737
2019-06-28,QQQ,0.0012868794019624819
2019-07-01,QQQ,0.013494740211999812
2019-07-02,QQQ,0.003962862404131018
2019-07-03,QQQ,0.007525620624018847
2019-07-05,QQQ,-0.002036855702476137
2019-07-08,QQQ,-0.0070138677112513426
2019-07-09,QQQ,0.005007479071209131
2019-07-10,QQQ,0.009965390656208273
2019-07-11,QQQ,-0.0007271306350773443
2019-07-12,QQQ,0.0057685083782128554
2019-07-15,QQQ,0.003203835369582908
2019-07-16,QQQ,-0.0051505445248325454
2019-07-17,QQQ,-0.0049186242187991835
2019-07-18,QQQ,0.0011446210762751097
2019-07-19,QQQ,-0.007327802768070657
2019-07-22,QQQ,0.00795768902839078
2019-07-23,QQQ,0.0065446206483010805
2019-07-24,QQQ,0.007017857633307756
2019-07-25,QQQ,-0.009479928652960212
2019-07-26,QQQ,0.010294922916328275
2019-07-29,QQQ,-0.0034307132996007628
2019-07-30,QQQ,-0.004316197767467056
2019-07-31,QQQ,-0.013830113522290799
2019-08-01,QQQ,-0.0049711401816603384
2019-08-02,QQQ,-0.014725095533845267
2019-08-05,QQQ,-0.03533502667559418
2019-08-06,QQQ,0.013998537319733106
2019-08-07,QQQ,0.005402499666346872
2019-08-08,QQQ,0.021763750810843474
2019-08-09,QQQ,-0.009401787935056527
2019-08-12,QQQ,-0.01147525332095678
2019-08-13,QQQ,0.021914781216520574
2019-08-14,QQQ,-0.029884499418721733
2019-08-15,QQQ,-0.0011492245399613576
2019-08-16,QQQ,0.01605012319415189
2019-08-19,QQQ,0.015904792951161095
2019-08-20,QQQ,-0.0077481158701699915
2019-08-21,QQQ,0.008878335740749144
2019-08-22,QQQ,-0.003233818207316941
2019-08-23,QQQ,-0.031645584017452655
2019-08-26,QQQ,0.015103991436066
2019-08-27,QQQ,-0.0021101557889793288
2019-08-28,QQQ,0.0035788749493783634
2019-08-29,QQQ,0.015289659327072158
2019-08-30,QQQ,-0.002394571259884848
2019-09-03,QQQ,-0.009708334245201677
2019-09-04,QQQ,0.014435934047237309
2019-09-05,QQQ,0.01831883137375767
2019-09-06,QQQ,-0.0009907687936326903
2019-09-09,QQQ,-0.0020878454438759686
2019-09-10,QQQ,-0.002876503799283392
2019-09-11,QQQ,0.009389191922255513
2019-09-12,QQQ,0.004157381028585316
2019-09-13,QQQ,-0.0035708269065471976
2019-09-16,QQQ,-0.0044667358907066745
2019-09-17,QQQ,0.004799823477566356
2019-09-18,QQQ,-0.00041526418706216983
2019-09-19,QQQ,0.0016619113741616065
2019-09-20,QQQ,-0.010578647005004438
2019-09-23,QQQ,0.0004411828315951105
2019-09-24,QQQ,-0.013280684721847513
2019-09-25,QQQ,0.011224984802574722
2019-09-26,QQQ,-0.0036825789596643954
2019-09-27,QQQ,-0.012409009128283244
2019-09-30,QQQ,0.009517350143596559
2019-10-01,QQQ,-0.008156284365484767
2019-10-02,QQQ,-0.01719439809223333
2019-10-03,QQQ,0.010975064012760383
2019-10-04,QQQ,0.014725763433493189
2019-10-07,QQQ,-0.0030191807862914866
2019-10-08,QQQ,-0.014980540842060353
2019-10-09,QQQ,0.009761383662705736
2019-10-10,QQQ,0.007744508315207899
2019-10-11,QQQ,0.012879091478306792
2019-10-14,QQQ,-0.00010489052919593345
2019-10-15,QQQ,0.012716663442957632
2019-10-16,QQQ,-0.00248030448551817
2019-10-17,QQQ,0.002641906883510403
2019-10-18,QQQ,-0.009609873678616876
2019-10-21,QQQ,0.008868513433115455
2019-10-22,QQQ,-0.007963448428135123
2019-10-23,QQQ,0.0019288704307987015
2019-10-24,QQQ,0.009728096239430162
2019-10-25,QQQ,0.007986207381888377
2019-10-28,QQQ,0.009864859481447885
2019-10-29,QQQ,-0.007743917105463849
2019-10-30,QQQ,0.004846200313967541
2019-10-31,QQQ,0.0004564737292065413
2019-11-01,QQQ,0.00908279493394537
2019-11-04,QQQ,0.006184985806846788
2019-11-05,QQQ,0.0005497942636525366
2019-11-06,QQQ,-0.0022477932469238127
2019-11-07,QQQ,0.003354000813868163
2019-11-08,QQQ,0.003991454713887954
2019-11-11,QQQ,-0.001341588537615901
2019-11-12,QQQ,0.0028860443193889918
2019-11-13,QQQ,0.000248028207129547
2019-11-14,QQQ,-0.0007937757690889002
2019-11-15,QQQ,0.0073473561776826735
2019-11-18,QQQ,0.0007886900460585267
2019-11-19,QQQ,0.0014773462417858596
2019-11-20,QQQ,-0.005998923999559369
2019-11-21,QQQ,-0.002226143698334293
2019-11-22,QQQ,0.0006445813430853153
2019-11-25,QQQ,0.011841722179390057
2019-11-26,QQQ,0.0019096498510806637
2019-11-27,QQQ,0.00698885800414506
2019-11-29,QQQ,-0.0045621186325782714
2019-12-02,QQQ,-0.01023899045302279
2019-12-03,QQQ,-0.007832393705675789
2019-12-04,QQQ,0.005064155731638653
2019-12-05,QQQ,0.0019762830415921417
2019-12-06,QQQ,0.010698548232320304
2019-12-09,QQQ,-0.004536755819355198
2019-12-10,QQQ,-0.0008330889223653326
2019-12-11,QQQ,0.0052968591930799835
2019-12-12,QQQ,0.007463973500229537
2019-12-13,QQQ,0.0032928296555849723
2019-12-16,QQQ,0.01003918603949372
2019-12-17,QQQ,0.000573370411790286
2019-12-18,QQQ,0.000764055795400953
2019-12-19,QQQ,0.0062517229053657974
2019-12-20,QQQ,0.0040309357543888424
2019-12-23,QQQ,0.0026413808568324093
2019-12-24,QQQ,0.0005194667076580117
2019-12-26,QQQ,0.00882404149348015
2019-12-27,QQQ,-0.000842043065647724
2019-12-30,QQQ,-0.006553635500891053
2019-12-31,QQQ,0.0018846179405993535
2020-01-02,QQQ,0.01669742431840704
2020-01-03,QQQ,-0.009159896005208834
2020-01-06,QQQ,0.0064430237254700096
2020-01-07,QQQ,-0.0001391881539903883
2020-01-08,QQQ,0.007516328340647638
2020-01-09,QQQ,0.00847349399778441
2020-01-10,QQQ,-0.002557195826598746
2020-01-13,QQQ,0.011536883289494426
2020-01-14,QQQ,-0.0039376313126827656
2020-01-15,QQQ,0.00040884519081152426
2020-01-16,QQQ,0.009583587533168458
2020-01-17,QQQ,0.004948777424951034
2020-01-21,QQQ,-0.00044764774140915176
2020-01-22,QQQ,0.002642368080651325
2020-01-23,QQQ,0.00321623478429367
2020-01-24,QQQ,-0.008415233855296855
2020-01-27,QQQ,-0.020655518724416178
2020-01-28,QQQ,0.01535971020348148
2020-01-29,QQQ,0.0016256195533090878
2020-01-30,QQQ,0.0035616546884003064
2020-01-31,QQQ,-0.015857852909049397
2020-02-03,QQQ,0.015109017712948036
2020-02-04,QQQ,0.022888860798391475
2020-02-05,QQQ,0.003297164729595403
2020-02-06,QQQ,0.008632100478935145
2020-02-07,QQQ,-0.0043008704191463965
2020-02-10,QQQ,0.012085506621467124
2020-02-11,QQQ,0.00017238761194748875
2020-02-12,QQQ,0.009741110955788779
2020-02-13,QQQ,-0.0012807858952350593
2020-02-14,QQQ,0.002863602435191348
2020-02-18,QQQ,0.0003836097909910574
2020-02-19,QQQ,0.009585559222472506
2020-02-20,QQQ,-0.009283603070553093
2020-02-21,QQQ,-0.019209432813076854
2020-02-24,QQQ,-0.03856327373028634
2020-02-25,QQQ,-0.027191988792221067
2020-02-26,QQQ,0.00515399243428738
2020-02-27,QQQ,-0.050074042076535985
2020-02-28,QQQ,0.000778377087990556
2020-03-02,QQQ,0.05160350736936192
2020-03-03,QQQ,-0.03206762181969469
2020-03-04,QQQ,0.04172257353161557
2020-03-05,QQQ,-0.030382152648533167
2020-03-06,QQQ,-0.016872298574368894
2020-03-09,QQQ,-0.06946452844568218
2020-03-10,QQQ,0.05445047929467228
2020-03-11,QQQ,-0.04355486047066459
2020-03-12,QQQ,-0.09169114639467224
2020-03-13,QQQ,0.08470540133289228
2020-03-16,QQQ,-0.1197879828517665
2020-03-17,QQQ,0.07584200147515885
2020-03-18,QQQ,-0.030416310025028648
2020-03-19,QQQ,0.006002319035177006
2020-03-20,QQQ,-0.03917612367556744
2020-03-23,QQQ,0.0007221965420693977
2020-03-24,QQQ,0.07743738115789234
2020-03-25,QQQ,-0.0074048196637233055
2020-03-26,QQQ,0.052660359860946304
2020-03-27,QQQ,-0.0343927290009759
2020-03-30,QQQ,0.03637334375378298
2020-03-31,QQQ,-0.008539904664807918
2020-04-01,QQQ,-0.04248958887592924
2020-04-02,QQQ,0.02029507742078196
2020-04-03,QQQ,-0.01419272703239205
2020-04-06,QQQ,0.07149479350961796
2020-04-07,QQQ,-0.00040738777908766455
2020-04-08,QQQ,0.02123247157943342
2020-04-09,QQQ,0.001445950119272732
2020-04-13,QQQ,0.010803341227920926
2020-04-14,QQQ,0.04349122876659406
2020-04-15,QQQ,-0.011469850156307748
2020-04-16,QQQ,0.018240011087851116
2020-04-17,QQQ,0.009566092327129683
2020-04-20,QQQ,-0.011844476140980276
2020-04-21,QQQ,-0.03689941966394494
2020-04-22,QQQ,0.029674325947556923
2020-04-23,QQQ,-0.002132962974099595
2020-04-24,QQQ,0.015770497991011823
2020-04-27,QQQ,0.008043248896616895
2020-04-28,QQQ,-0.018834422916480298
2020-04-29,QQQ,0.03546103777457166
2020-04-30,QQQ,-0.0004110657845415311
2020-05-01,QQQ,-0.028185153610122637
2020-05-04,QQQ,0.011657553780530794
2020-05-05,QQQ,0.011337154001114236
2020-05-06,QQQ,0.006156505962110481
2020-05-07,QQQ,0.012876587183645816
2020-05-08,QQQ,0.013704886585510057
2020-05-11,QQQ,0.008938817021176604
2020-05-12,QQQ,-0.020936920514844748
2020-05-13,QQQ,-0.012515995700605131
2020-05-14,QQQ,0.011352346297013316
2020-05-15,QQQ,0.006491443117062179
2020-05-18,QQQ,0.018631928447213175
2020-05-19,QQQ,-0.0025059954038409993
2020-05-20,QQQ,0.019968159743057656
2020-05-21,QQQ,-0.010890884754026664
2020-05-22,QQQ,0.003452013328261172
2020-05-26,QQQ,-0.0026998273179754673
2020-05-27,QQQ,0.0054575011930917405
2020-05-28,QQQ,-0.0013027482663686696
2020-05-29,QQQ,0.014653014465618508
2020-06-01,QQQ,0.0029996882266924985
2020-06-02,QQQ,0.006707693358900091
2020-06-03,QQQ,0.004498471950486138
2020-06-04,QQQ,-0.007013304562302425
2020-06-05,QQQ,0.019827250293115606
2020-06-08,QQQ,0.007760028465215063
2020-06-09,QQQ,0.007244886468496192
2020-06-10,QQQ,0.01200174012712707
2020-06-11,QQQ,-0.049549269923081285
2020-06-12,QQQ,0.007947909177245416
2020-06-15,QQQ,0.012167330676759125
2020-06-16,QQQ,0.017172678837155564
2020-06-17,QQQ,0.003170779309209948
2020-06-18,QQQ,0.002709238957137483
2020-06-19,QQQ,-0.00016373898652333185
2020-06-22,QQQ,0.011992606370431647
2020-06-23,QQQ,0.00851075184793304
2020-06-24,QQQ,-0.02061553665671556
2020-06-25,QQQ,0.009519506732471372
2020-06-26,QQQ,-0.023615003506748722
2020-06-29,QQQ,0.010906565447438732
2020-06-30,QQQ,0.019601402748618657
2020-07-01,QQQ,0.011672246457163027
2020-07-02,QQQ,0.00678668085417633
2020-07-06,QQQ,0.024584697569631775
2020-07-07,QQQ,-0.006889155038888872
2020-07-08,QQQ,0.01317194035802527
2020-07-09,QQQ,0.008423456869590895
2020-07-10,QQQ,0.006827207226926424
2020-07-13,QQQ,-0.020570434816565952
2020-07-14,QQQ,0.007078314690104337
2020-07-15,QQQ,0.0020354229743042573
2020-07-16,QQQ,-0.006822457403683813
2020-07-17,QQQ,0.001157733362927127
2020-07-20,QQQ,0.028370766592499264
2020-07-21,QQQ,-0.010420413058595535
2020-07-22,QQQ,0.0035228642137208332
2020-07-23,QQQ,-0.026120125363885083
2020-07-24,QQQ,-0.009495873829779566
2020-07-27,QQQ,0.017843103906888924
2020-07-28,QQQ,-0.01272483305158223
2020-07-29,QQQ,0.011525870383199521
2020-07-30,QQQ,0.0052357518969574635
2020-07-31,QQQ,0.017845400996937322
2020-08-03,QQQ,0.013507032567660504
2020-08-04,QQQ,0.0037118547887313724
2020-08-05,QQQ,0.00247812692659255
2020-08-06,QQQ,0.013244916397204598
2020-08-07,QQQ,-0.011542399755390398
2020-08-10,QQQ,-0.004273001127465648
2020-08-11,QQQ,-0.018941298658174954
2020-08-12,QQQ,0.025151419769209538
2020-08-13,QQQ,0.0022811759460268366
2020-08-14,QQQ,-0.0011743814601360425
2020-08-17,QQQ,0.011610507910355672
2020-08-18,QQQ,0.009625407798220742
2020-08-19,QQQ,-0.006727581671591043
2020-08-20,QQQ,0.013871955574774608
2020-08-21,QQQ,0.006930276672173941
2020-08-24,QQQ,0.006243814024877281
2020-08-25,QQQ,0.007862489427833852
2020-08-26,QQQ,0.021339327285510246
2020-08-27,QQQ,-0.003117137323042307
2020-08-28,QQQ,0.0050851011815600256
2020-08-31,QQQ,0.00803324513387249
2020-09-01,QQQ,0.01709162137744391
2020-09-02,QQQ,0.009469139894318523
2020-09-03,QQQ,-0.050699755656699486
2020-09-04,QQQ,-0.013326179091293855
2020-09-08,QQQ,-0.048063748831218556
2020-09-09,QQQ,0.029375544408734466
2020-09-10,QQQ,-0.019936511512547384
2020-09-11,QQQ,-0.006939936699431715
2020-09-14,QQQ,0.017415253636568817
2020-09-15,QQQ,0.014173474584566303
2020-09-16,QQQ,-0.015946234586483476
2020-09-17,QQQ,-0.01562223008836594
2020-09-18,QQQ,-0.012762743211425565
2020-09-21,QQQ,0.002398373825764244
2020-09-22,QQQ,0.01857893247295883
2020-09-23,QQQ,-0.030534840675351282
2020-09-24,QQQ,0.004656554701549798
2020-09-25,QQQ,0.023248989637747464
2020-09-28,QQQ,0.020768973137046398
2020-09-29,QQQ,-0.004509719245969768
2020-09-30,QQQ,0.006849035807275694
2020-10-01,QQQ,0.01587248621254278
2020-10-02,QQQ,-0.02813104646749065
2020-10-05,QQQ,0.021326433497018904
2020-10-06,QQQ,-0.01784716910164119
2020-10-07,QQQ,0.017299213773857014
2020-10-08,QQQ,0.005322769155805096
2020-10-09,QQQ,0.01528047218753037
2020-10-12,QQQ,0.03087031396984985
2020-10-13,QQQ,-3.4252027485304204e-05
2020-10-14,QQQ,-0.008352445587830326
2020-10-15,QQQ,-0.006710776033822086
2020-10-16,QQQ,-0.005480920345683704
2020-10-19,QQQ,-0.016325430635383498
2020-10-20,QQQ,0.002149655060758926
2020-10-21,QQQ,-0.0007736169759476885
2020-10-22,QQQ,-3.538767250521602e-05
2020-10-23,QQQ,0.0019706101614653804
2020-10-26,QQQ,-0.014995812452622492
2020-10-27,QQQ,0.007808204334868396
2020-10-28,QQQ,-0.03898681945569571
2020-10-29,QQQ,0.01748635890230732
2020-10-30,QQQ,-0.025362535955682386
2020-11-02,QQQ,0.002227042873462759
2020-11-03,QQQ,0.017297505571532312
2020-11-04,QQQ,0.04463883173859218
2020-11-05,QQQ,0.026071159225105722
2020-11-06,QQQ,0.0007470705131866762
2020-11-09,QQQ,-0.02043362815149108
2020-11-10,QQQ,-0.017914986469670158
2020-11-11,QQQ,0.022369553996115732
2020-11-12,QQQ,-0.004693312138663086
2020-11-13,QQQ,0.00877225865282516
2020-11-16,QQQ,0.007803044477159071
2020-11-17,QQQ,-0.0031724475019266896
2020-11-18,QQQ,-0.007389949432207832
2020-11-19,QQQ,0.007824663408394272
2020-11-20,QQQ,-0.006840477430691827
2020-11-23,QQQ,3.44168545614032e-05
2020-11-24,QQQ,0.01405014319840836
2020-11-25,QQQ,0.0061464492305065566
2020-11-27,QQQ,0.009214108123870135
2020-11-30,QQQ,0.002040201566995803
2020-12-01,QQQ,0.012816159826014584
2020-12-02,QQQ,0.0012851274025327264
2020-12-03,QQQ,0.0014153527712998937
2020-12-04,QQQ,0.004075110941035076
2020-12-07,QQQ,0.00566245602485238
2020-12-08,QQQ,0.0033848697793790183
2020-12-09,QQQ,-0.022641023191813603
2020-12-10,QQQ,0.004015774386512572
2020-12-11,QQQ,-0.0022146403957139515
2020-12-14,QQQ,0.007255255385322679
2020-12-15,QQQ,0.010689343361819814
2020-12-16,QQQ,0.005499441587609288
2020-12-17,QQQ,0.006537868311340844
2020-12-18,QQQ,-0.0030223017534058982
2020-12-21,QQQ,-0.0018708960120156215
2020-12-22,QQQ,0.0027192956356107967
2020-12-23,QQQ,-0.005036063244131306
2020-12-24,QQQ,0.00441245895191722
2020-12-28,QQQ,0.010079040888935298
2020-12-29,QQQ,0.0008951304781594782
2020-12-30,QQQ,3.217663186649844e-05
2020-12-31,QQQ,0.0024601801933643586
2021-01-04,QQQ,-0.01412001881002678
2021-01-05,QQQ,0.00824415502329967
2021-01-06,QQQ,-0.01385226211935875
2021-01-07,QQQ,0.024191982934922862
2021-01-08,QQQ,0.012858025987948718
2021-01-11,QQQ,-0.014450111945519595
2021-01-12,QQQ,-0.0015902859162267857
2021-01-13,QQQ,0.006753116659723002
2021-01-14,QQQ,-0.005347136553731868
2021-01-15,QQQ,-0.00792126536663107
2021-01-19,QQQ,0.014589905362776046
2021-01-20,QQQ,0.02326088422154715
2021-01-21,QQQ,0.007999594604008786
2021-01-22,QQQ,-0.002880037987818329
2021-01-25,QQQ,0.008265970962386016
2021-01-26,QQQ,0.0014631251446703963
2021-01-27,QQQ,-0.02787686041291826
2021-01-28,QQQ,0.005917252741683976
2021-01-29,QQQ,-0.02103863441989795
2021-02-01,QQQ,0.024987364353795005
2021-02-02,QQQ,0.016313993512776737
2021-02-03,QQQ,-0.003967196315473265
2021-02-04,QQQ,0.01182653972669856
2021-02-05,QQQ,0.003391654387150167
2021-02-08,QQQ,0.006699600103003744
2021-02-09,QQQ,-0.00020990294245937235
2021-02-10,QQQ,-0.002278470630087459
2021-02-11,QQQ,0.0054993711246813515
2021-02-12,QQQ,0.005589120595332675
2021-02-16,QQQ,-0.0027046221934544645
2021-02-17,QQQ,-0.004798164092892576
2021-02-18,QQQ,-0.0043721514432844
2021-02-19,QQQ,-0.004361534444129345
2021-02-22,QQQ,-0.02591983362966277
2021-02-23,QQQ,-0.002977318016519681
2021-02-24,QQQ,0.008243154417114429
2021-02-25,QQQ,-0.03486259043286799
2021-02-26,QQQ,0.004187608133580767
2021-03-01,QQQ,0.030082086720325973
2021-03-02,QQQ,-0.016038819447649066
2021-03-03,QQQ,-0.02901977862170857
2021-03-04,QQQ,-0.016367233225260236
2021-03-05,QQQ,0.015060932006128569
2021-03-08,QQQ,-0.02831422699329955
2021-03-09,QQQ,0.03944107966951238
2021-03-10,QQQ,-0.002854426081050465
2021-03-11,QQQ,0.023031051227451638
2021-03-12,QQQ,-0.008111960041494837
2021-03-15,QQQ,0.010682907119886176
2021-03-16,QQQ,0.005488766791662103
2021-03-17,QQQ,0.004117686834450129
2021-03-18,QQQ,-0.030630729490196296
2021-03-19,QQQ,0.003525233443039566
2021-03-22,QQQ,0.01875329846230045
2021-03-23,QQQ,-0.004362915249877086
2021-03-24,QQQ,-0.016865106114708373
2021-03-25,QQQ,-0.001731565895746745
2021-03-26,QQQ,0.015000362291128999
2021-03-29,QQQ,-0.00028495466157174576
2021-03-30,QQQ,-0.005033253690565065
2021-03-31,QQQ,0.015303137669528066
2021-04-01,QQQ,0.017046226013588628
2021-04-05,QQQ,0.019964972682147808
2021-04-06,QQQ,-0.0006947647145838509
2021-04-07,QQQ,0.0024179771501111613
2021-04-08,QQQ,0.010433888426099047
2021-04-09,QQQ,0.006057994764367969
2021-04-12,QQQ,-0.001304883405321866
2021-04-13,QQQ,0.0116729337617405
2021-04-14,QQQ,-0.012008031663032215
2021-04-15,QQQ,0.01515534519784345
2021-04-16,QQQ,0.0011709395673384915
2021-04-19,QQQ,-0.00915163159468002
2021-04-20,QQQ,-0.007288778797638118
2021-04-21,QQQ,0.008561043888179132
2021-04-22,QQQ,-0.012054670148129665
2021-04-23,QQQ,0.012589565272985714
2021-04-26,QQQ,0.006511212221044449
2021-04-27,QQQ,-0.004332414300232124
2021-04-28,QQQ,-0.003380889303301049
2021-04-29,QQQ,0.0035988297865063856
2021-04-30,QQQ,-0.006554288232311967
2021-05-03,QQQ,-0.005325801032344923
2021-05-04,QQQ,-0.017995623575285502
2021-05-05,QQQ,-0.003362208071406192
2021-05-06,QQQ,0.007537164238725191
2021-05-07,QQQ,0.008114283467638872
2021-05-10,QQQ,-0.025254099110653128
2021-05-11,QQQ,-0.0013815090533854102
2021-05-12,QQQ,-0.02588307652479127
2021-05-13,QQQ,0.00773129393381744
2021-05-14,QQQ,0.022077005302472585
2021-05-17,QQQ,-0.00606636970931318
2021-05-18,QQQ,-0.006750762996829196
2021-05-19,QQQ,0.0011480563941013155
2021-05-20,QQQ,0.019343356178453286
2021-05-21,QQQ,-0.005534568926854666
2021-05-24,QQQ,0.01681913383065603
2021-05-25,QQQ,0.0013836168048571018
2021-05-26,QQQ,0.003483714671319582
2021-05-27,QQQ,-0.0037411134840993343
2021-05-28,QQQ,0.0031543849989292827
2021-06-01,QQQ,-0.0033240480540179806
2021-06-02,QQQ,0.0019528063636784498
2021-06-03,QQQ,-0.010405786494077751
2021-06-04,QQQ,0.016969895141318636
2021-06-07,QQQ,0.0029797253204300045
2021-06-08,QQQ,0.0004753657323577354
2021-06-09,QQQ,0.0002371512671544007
2021-06-10,QQQ,0.010420833929016382
2021-06-11,QQQ,0.0026146559738533526
2021-06-14,QQQ,0.009582881906825547
2021-06-15,QQQ,-0.006531056348845432
2021-06-16,QQQ,-0.0036520649065169275
2021-06-17,QQQ,0.012697373462223993
2021-06-18,QQQ,-0.00784721029560087
2021-06-21,QQQ,0.0062147446996629885
2021-06-22,QQQ,0.009321839049122538
2021-06-23,QQQ,0.0004890915565527454
2021-06-24,QQQ,0.00618292171601964
2021-06-25,QQQ,-0.0012292002819209724
2021-06-28,QQQ,0.012161698307028512
2021-06-29,QQQ,0.0036188444276457066
2021-06-30,QQQ,-0.0015773923262019096
2021-07-01,QQQ,0.0003951256243426293
2021-07-02,QQQ,0.011478477424554878
2021-07-06,QQQ,0.004321887937893454
2021-07-07,QQQ,0.0021099838073839194
2021-07-08,QQQ,-0.006039612785043502
2021-07-09,QQQ,0.00624352767294889
2021-07-12,QQQ,0.003905938130349229
2021-07-13,QQQ,0.0
2021-07-14,QQQ,0.0017933088889074966
2021-07-15,QQQ,-0.007023517025029791
2021-07-16,QQQ,-0.008099140711404607
2021-07-19,QQQ,-0.008193801803618284
2021-07-20,QQQ,0.011616422894229483
2021-07-21,QQQ,0.007720393586298169
2021-07-22,QQQ,0.006610121416805503
2021-07-23,QQQ,0.011677761237767648
2021-07-26,QQQ,0.0007873854459994334
2021-07-27,QQQ,-0.011017865718991882
2021-07-28,QQQ,0.003841545748357378
2021-07-29,QQQ,0.001777021257957978
2021-07-30,QQQ,-0.00521170635733903
2021-08-02,QQQ,8.223509141314089e-05
2021-08-03,QQQ,0.00606129220703755
2021-08-04,QQQ,0.0014448298935689774
2021-08-05,QQQ,0.0063429680496860374
2021-08-06,QQQ,-0.004382309846220456
2021-08-09,QQQ,0.0018478451075214508
2021-08-10,QQQ,-0.005125840465546316
2021-08-11,QQQ,-0.0017173598196835727
2021-08-12,QQQ,0.003604447539090172
2021-08-13,QQQ,0.003509844210430213
2021-08-16,QQQ,0.00043392926342078475
2021-08-17,QQQ,-0.00880797968185254
2021-08-18,QQQ,-0.009624702490331871
2021-08-19,QQQ,0.004831384516224446
2021-08-20,QQQ,0.010358267224326312
2021-08-23,QQQ,0.014956638870121441
2021-08-24,QQQ,0.0030545228428486837
2021-08-25,QQQ,0.0011484050644847699
2021-08-26,QQQ,-0.006349979827020014
2021-08-27,QQQ,0.009720289275136684
2021-08-30,QQQ,0.011222165437018816
2021-08-31,QQQ,-0.0008152491254341809
2021-09-01,QQQ,0.0016580208798613327
2021-09-02,QQQ,-0.0004729008722968997
2021-09-03,QQQ,0.0030758447302259295
2021-09-07,QQQ,0.0014151034697018616
2021-09-08,QQQ,-0.003480752910605567
2021-09-09,QQQ,-0.003440229555746077
2021-09-10,QQQ,-0.007589453194358442
2021-09-13,QQQ,-0.0006904823953165495
2021-09-14,QQQ,-0.002843004340762345
2021-09-15,QQQ,0.007434502151133726
2021-09-16,QQQ,0.0006878159232739378
2021-09-17,QQQ,-0.011842420480294824
2021-09-20,QQQ,-0.02066290187584896
2021-09-21,QQQ,0.001230404584620537
2021-09-22,QQQ,0.009340573730778345
2021-09-23,QQQ,0.009226813763814734
2021-09-24,QQQ,0.0009384423081340021
2021-09-27,QQQ,-0.00798213397991121
2021-09-28,QQQ,-0.028297737307006354
2021-09-29,QQQ,-0.0016394069191606464
2021-09-30,QQQ,-0.0036739931039325713
2021-10-01,QQQ,0.006201733980927937
2021-10-04,QQQ,-0.02098939880873185
2021-10-05,QQQ,0.013498913624239828
2021-10-06,QQQ,0.0064077326645228805
2021-10-07,QQQ,0.009175110095497985
2021-10-08,QQQ,-0.004986711604658911
2021-10-11,QQQ,-0.007669718853143714
2021-10-12,QQQ,-0.003487735358463251
2021-10-13,QQQ,0.008007958154044426
2021-10-14,QQQ,0.01841676052679997
2021-10-15,QQQ,0.006300635358402307
2021-10-18,QQQ,0.010055720792592204
2021-10-19,QQQ,0.007567454752012814
2021-10-20,QQQ,-0.0013051230492256982
2021-10-21,QQQ,0.0061071479424035235
2021-10-22,QQQ,-0.008402472178053788
2021-10-25,QQQ,0.010237645023277064
2021-10-26,QQQ,0.0031488475428087526
2021-10-27,QQQ,0.0023210964414335233
2021-10-28,QQQ,0.011105344430040187
2021-10-29,QQQ,0.004919032049047756
2021-11-01,QQQ,0.003418857116579188
2021-11-02,QQQ,0.00418130983068532
2021-11-03,QQQ,0.010615765672313593
2021-11-04,QQQ,0.01281851599641115
2021-11-05,QQQ,0.0009540861167518511
2021-11-08,QQQ,-0.0013547123898698388
2021-11-09,QQQ,-0.006883349254250826
2021-11-10,QQQ,-0.014696838659063904
2021-11-11,QQQ,0.002772573901530073
2021-11-12,QQQ,0.010522689020481257
2021-11-15,QQQ,-0.0002281747233886522
2021-11-16,QQQ,0.007121135591909855
2021-11-17,QQQ,0.000528265632977698
2021-11-18,QQQ,0.010361385523305566
2021-11-19,QQQ,0.005575633136302827
2021-11-22,QQQ,-0.011609342412731039
2021-11-23,QQQ,-0.004557895846051818
2021-11-24,QQQ,0.0032203144295284147
2021-11-26,QQQ,-0.01895859766630492
2021-11-29,QQQ,0.021702487213454358
2021-11-30,QQQ,-0.014686548122708087
2021-12-01,QQQ,-0.017012912306002104
2021-12-02,QQQ,0.007206992745202978
2021-12-03,QQQ,-0.01738860147825838
2021-12-06,QQQ,0.008013108829212356
2021-12-07,QQQ,0.03011369978429501
2021-12-08,QQQ,0.004474395102532114
2021-12-09,QQQ,-0.014714211197748073
2021-12-10,QQQ,0.01087020124000615
2021-12-13,QQQ,-0.014446788811838251
2021-12-14,QQQ,-0.010350222218538652
2021-12-15,QQQ,0.022797462079521713
2021-12-16,QQQ,-0.0257145968145559
2021-12-17,QQQ,-0.00498915138365319
2021-12-20,QQQ,-0.00970031129422222
2021-12-21,QQQ,0.02238013841445108
2021-12-22,QQQ,0.012178735682202735
2021-12-23,QQQ,0.007538995459960285
2021-12-27,QQQ,0.01652728488612354
2021-12-28,QQQ,-0.004634839002813584
2021-12-29,QQQ,-0.00014910123748590465
2021-12-30,QQQ,-0.00298853389779441
2021-12-31,QQQ,-0.006244684029266256
2022-01-03,QQQ,0.009626777472005132
2022-01-04,QQQ,-0.012970323455971378
2022-01-05,QQQ,-0.03072120802166456
2022-01-06,QQQ,-0.0007025766070911654
2022-01-07,QQQ,-0.010832961392092777
2022-01-10,QQQ,0.0006582515559812041
2022-01-11,QQQ,0.015021901275473093
2022-01-12,QQQ,0.003965776615811878
2022-01-13,QQQ,-0.025016377861773464
2022-01-14,QQQ,0.0062228157400079365
2022-01-18,QQQ,-0.024894246077991622
2022-01-19,QQQ,-0.010983682620742896
2022-01-20,QQQ,-0.012988184621308574
2022-01-21,QQQ,-0.02772885641037548
2022-01-24,QQQ,0.00457789474011272
2022-01-25,QQQ,-0.023181406308074193
2022-01-26,QQQ,-0.0015646789291683394
2022-01-27,QQQ,-0.010070465624371083
2022-01-28,QQQ,0.031368941010384344
2022-01-31,QQQ,0.03197844787345172
2022-02-01,QQQ,0.006803454674149112
2022-02-02,QQQ,0.008125546752471902
2022-02-03,QQQ,-0.04054385626309742
2022-02-04,QQQ,0.012615014195500374
2022-02-07,QQQ,-0.008044757142533276
2022-02-08,QQQ,0.011235547103469079
2022-02-09,QQQ,0.021190455553630416
2022-02-10,QQQ,-0.02263240131844979
2022-02-11,QQQ,-0.031721842017931046
2022-02-14,QQQ,0.0012391510191802624
2022-02-15,QQQ,0.024864026050791077
2022-02-16,QQQ,-0.00025265188042433717
2022-02-17,QQQ,-0.02974381710185736
2022-02-18,QQQ,-0.011405599464108018
2022-02-22,QQQ,-0.010043593789909822
2022-02-23,QQQ,-0.025615000669507837
2022-02-24,QQQ,0.03360432561570348
2022-02-25,QQQ,0.015507272847973042
2022-02-28,QQQ,0.0029786458299003726
2022-03-01,QQQ,-0.015311542257778865
2022-03-02,QQQ,0.016779555228786602
2022-03-03,QQQ,-0.01428498340482931
2022-03-04,QQQ,-0.014492001404393773
2022-03-07,QQQ,-0.03688087550149877
2022-03-08,QQQ,-0.004648063329370289
2022-03-09,QQQ,0.03599801256034052
2022-03-10,QQQ,-0.011104880326214372
2022-03-11,QQQ,-0.020738172130212007
2022-03-14,QQQ,-0.019204910248380336
2022-03-15,QQQ,0.03136700132389714
2022-03-16,QQQ,0.037086749624600124
2022-03-17,QQQ,0.012106122598755986
2022-03-18,QQQ,0.020468134152677564
2022-03-21,QQQ,-0.0027803289638473894
2022-03-22,QQQ,0.01965257567463241
2022-03-23,QQQ,-0.014371334586392281
2022-03-24,QQQ,0.022226850538854315
2022-03-25,QQQ,-0.0008341432583173214
2022-03-28,QQQ,0.015472430638067802
2022-03-29,QQQ,0.017209649175201625
2022-03-30,QQQ,-0.011045542544328102
2022-03-31,QQQ,-0.012394722623082721
2022-04-01,QQQ,-0.0019032959815761252
2022-04-04,QQQ,0.02058865906320828
2022-04-05,QQQ,-0.022204226364140323
2022-04-06,QQQ,-0.02171125559356679
2022-04-07,QQQ,0.002377601538838592
2022-04-08,QQQ,-0.013979041916167612
2022-04-11,QQQ,-0.023657496739825645
2022-04-12,QQQ,-0.004224341415916322
2022-04-13,QQQ,0.020327161804244653
2022-04-14,QQQ,-0.022867158264294085
2022-04-18,QQQ,0.000768326272299058
2022-04-19,QQQ,0.022350989490601103
2022-04-20,QQQ,-0.014584712082130524
2022-04-21,QQQ,-0.020690938985705065
2022-04-22,QQQ,-0.026185954110798382
2022-04-25,QQQ,0.012845848950164607
2022-04-26,QQQ,-0.03774479421868837
2022-04-27,QQQ,-0.0011984432920703059
2022-04-28,QQQ,0.03551595436533228
2022-04-29,QQQ,-0.044998552184205565
2022-05-02,QQQ,0.01669599692054735
2022-05-03,QQQ,0.0010674911305126322
2022-05-04,QQQ,0.033812078765945275
2022-05-05,QQQ,-0.05036411033382737
2022-05-06,QQQ,-0.011980766537137866
2022-05-09,QQQ,-0.03912697148319266
2022-05-10,QQQ,0.012148763244505645
2022-05-11,QQQ,-0.029658328827724345
2022-05-12,QQQ,-0.002364381425614459
2022-05-13,QQQ,0.03706029330023264
2022-05-16,QQQ,-0.011591897702718845
2022-05-17,QQQ,0.025901417430311824
2022-05-18,QQQ,-0.049090405793570824
2022-05-19,QQQ,-0.005358219043617551
2022-05-20,QQQ,-0.00310794562888006
2022-05-23,QQQ,0.016627387035550667
2022-05-24,QQQ,-0.02126209172097282
2022-05-25,QQQ,0.013995421957798015
2022-05-26,QQQ,0.027706854749221188
2022-05-27,QQQ,0.03263953844373302
2022-05-31,QQQ,-0.002652618364835102
2022-06-01,QQQ,-0.007395803916269261
2022-06-02,QQQ,0.027385625397350788
2022-06-03,QQQ,-0.026019670349071378
2022-06-06,QQQ,0.0033313153109850724
2022-06-07,QQQ,0.0086257802288503
2022-06-08,QQQ,-0.007196748009367315
2022-06-09,QQQ,-0.026784543239598224
2022-06-10,QQQ,-0.03527047984595344
2022-06-13,QQQ,-0.04649637108919147
2022-06-14,QQQ,0.0018154729927022384
2022-06-15,QQQ,0.024971961171930346
2022-06-16,QQQ,-0.040346408535861245
2022-06-17,QQQ,0.012159606337182716
2022-06-21,QQQ,0.025229416118383696
2022-06-22,QQQ,-0.001458549750021465
2022-06-23,QQQ,0.014892884004603424
2022-06-24,QQQ,0.034263509467304276
2022-06-27,QQQ,-0.007331680807156737
2022-06-28,QQQ,-0.030466714008465123
2022-06-29,QQQ,0.0009170618282974274
2022-06-30,QQQ,-0.01240315110045831
2022-07-01,QQQ,0.006600473535646634
2022-07-05,QQQ,0.017119874087069498
2022-07-06,QQQ,0.006411901989358704
2022-07-07,QQQ,0.02139912906010255
2022-07-08,QQQ,0.00125403478253161
2022-07-11,QQQ,-0.02136417644844746
2022-07-12,QQQ,-0.009687592060765748
2022-07-13,QQQ,-0.0020612409718776536
2022-07-14,QQQ,0.0035712052212941714
2022-07-15,QQQ,0.01813912900740755
2022-07-18,QQQ,-0.00846264371646177
2022-07-19,QQQ,0.030752959217800857
2022-07-20,QQQ,0.015856642530385656
2022-07-21,QQQ,0.014355034059737815
2022-07-22,QQQ,-0.017535221506593923
2022-07-25,QQQ,-0.00569550181497358
2022-07-26,QQQ,-0.019649092404049995
2022-07-27,QQQ,0.04225994050072712
2022-07-28,QQQ,0.009778133664315902
2022-07-29,QQQ,0.018236777954254713
2022-08-01,QQQ,-0.0006022930940708937
2022-08-02,QQQ,-0.002981592780999631
2022-08-03,QQQ,0.02723270368017583
2022-08-04,QQQ,0.004676336898666422
2022-08-05,QQQ,-0.00816893106530825
2022-08-08,QQQ,-0.0032324247664210493
2022-08-09,QQQ,-0.011318637031849987
2022-08-10,QQQ,0.02791090144168118
2022-08-11,QQQ,-0.0056759121210449015
2022-08-12,QQQ,0.01947060452677718
2022-08-15,QQQ,0.00808120732615758
2022-08-16,QQQ,-0.002341853848958575
2022-08-17,QQQ,-0.011406129000715248
2022-08-18,QQQ,0.0024052253845974203
2022-08-19,QQQ,-0.01949732536520865
2022-08-22,QQQ,-0.02632717163572318
2022-08-23,QQQ,-0.0008271527057546191
2022-08-24,QQQ,0.002897084298028929
2022-08-25,QQQ,0.017682230433322177
2022-08-26,QQQ,-0.0409881740948449
2022-08-29,QQQ,-0.009855580253247287
2022-08-30,QQQ,-0.011136560140277196
2022-08-31,QQQ,-0.005813418514232116
2022-09-01,QQQ,0.0004344819790331744
2022-09-02,QQQ,-0.014128356846465295
2022-09-06,QQQ,-0.007182178480266699
2022-09-07,QQQ,0.020201374419869023
2022-09-08,QQQ,0.005184454423197149
2022-09-09,QQQ,0.021861775032971043
2022-09-12,QQQ,0.011886007108112606
2022-09-13,QQQ,-0.05483664843859548
2022-09-14,QQQ,0.007932752065840765
2022-09-15,QQQ,-0.016653490244892155
2022-09-16,QQQ,-0.006114801754588339
2022-09-19,QQQ,0.007787582594350528
2022-09-20,QQQ,-0.00797130113844624
2022-09-21,QQQ,-0.01790596632061381
2022-09-22,QQQ,-0.012307680172101598
2022-09-23,QQQ,-0.016281665356670527
2022-09-26,QQQ,-0.0041378991510411245
2022-09-27,QQQ,0.0004010501581046544
2022-09-28,QQQ,0.019892126575559166
2022-09-29,QQQ,-0.028827639306105435
2022-09-30,QQQ,-0.016956717485550832
2022-10-03,QQQ,0.02346045180337053
2022-10-04,QQQ,0.031440667138001865
2022-10-05,QQQ,-0.0005315140950337138
2022-10-06,QQQ,-0.007872839431093182
2022-10-07,QQQ,-0.0381041598096058
2022-10-10,QQQ,-0.009996218040363103
2022-10-11,QQQ,-0.013738301529679586
2022-10-12,QQQ,-0.0003425251540801755
2022-10-13,QQQ,0.02345214761280956
2022-10-14,QQQ,-0.03005722417507317
2022-10-17,QQQ,0.033021643686798274
2022-10-18,QQQ,0.007907869508331
2022-10-19,QQQ,-0.0036468448080951843
2022-10-20,QQQ,-0.00510192010536914
2022-10-21,QQQ,0.02344797619531369
2022-10-24,QQQ,0.01100126849646288
2022-10-25,QQQ,0.020685926494343976
2022-10-26,QQQ,-0.022096487774357465
2022-10-27,QQQ,-0.018205968049519794
2022-10-28,QQQ,0.030600798380696403
2022-10-31,QQQ,-0.011627968633869501
2022-11-01,QQQ,-0.01021766722714923
2022-11-02,QQQ,-0.034277274783488076
2022-11-03,QQQ,-0.019534763853548243
2022-11-04,QQQ,0.01608474823685646
2022-11-07,QQQ,0.010994619065141098
2022-11-08,QQQ,0.007287572350969995
2022-11-09,QQQ,-0.023076665967447063
2022-11-10,QQQ,0.07378860537470033
2022-11-11,QQQ,0.018426181885303095
2022-11-14,QQQ,-0.008751177412410271
2022-11-15,QQQ,0.013838367897781367
2022-11-16,QQQ,-0.013649481353201875
2022-11-17,QQQ,-0.0022069731121063807
2022-11-18,QQQ,3.490450128440514e-05
2022-11-21,QQQ,-0.01028697915575938
2022-11-22,QQQ,0.014402660648218824
2022-11-23,QQQ,0.01003686539518922
2022-11-25,QQQ,-0.006578607698523142
2022-11-28,QQQ,-0.014673025840450493
2022-11-29,QQQ,-0.007569772074994652
2022-11-30,QQQ,0.04558557838347532
2022-12-01,QQQ,0.0012274586448839386
2022-12-02,QQQ,-0.003983424503359645
2022-12-05,QQQ,-0.01678334020210437
2022-12-06,QQQ,-0.020720451782531235
2022-12-07,QQQ,-0.004082554125798277
2022-12-08,QQQ,0.011834640609224678
2022-12-09,QQQ,-0.0063767317148607505
2022-12-12,QQQ,0.012551569854951872
2022-12-13,QQQ,0.010749993173899464
2022-12-14,QQQ,-0.007413782823357029
2022-12-15,QQQ,-0.033576457293518214
2022-12-16,QQQ,-0.009534573980209182
2022-12-19,QQQ,-0.014053545840200687
2022-12-20,QQQ,-0.0007785028434426078
2022-12-21,QQQ,0.014506313016622752
2022-12-22,QQQ,-0.024465184291588837
2022-12-23,QQQ,0.002249224795844551
2022-12-27,QQQ,-0.014138315962984982
2022-12-28,QQQ,-0.013202776502027946
2022-12-29,QQQ,0.02437517240064513
2022-12-30,QQQ,-0.000600552466394455
2023-01-03,QQQ,-0.006759489525101525
2023-01-04,QQQ,0.004763738357532743
2023-01-05,QQQ,-0.01565432934433353
2023-01-06,QQQ,0.027601371472876002
2023-01-09,QQQ,0.00647325011022426
2023-01-10,QQQ,0.008464637105790818
2023-01-11,QQQ,0.01730005462744688
2023-01-12,QQQ,0.005404349742796688
2023-01-13,QQQ,0.0068808590173015105
2023-01-17,QQQ,0.0020284763219786672
2023-01-18,QQQ,-0.01299988947974906
2023-01-19,QQQ,-0.009824437585857049
2023-01-20,QQQ,0.027366927138331665
2023-01-23,QQQ,0.0222158706435589
2023-01-24,QQQ,-0.0020417805115444665
2023-01-25,QQQ,-0.002219311383681033
2023-01-26,QQQ,0.01949744281529231
2023-01-27,QQQ,0.009954196769949464
2023-01-30,QQQ,-0.02021869870816495
2023-01-31,QQQ,0.014986129608880905
2023-02-01,QQQ,0.021383697682623604
2023-02-02,QQQ,0.035889814601681724
2023-02-03,QQQ,-0.017772619752096652
2023-02-06,QQQ,-0.008458853530185606
2023-02-07,QQQ,0.02071860499184086
2023-02-08,QQQ,-0.017781140423693387
2023-02-09,QQQ,-0.008837840653109885
2023-02-10,QQQ,-0.006563178827540761
2023-02-13,QQQ,0.01601610213905147
2023-02-14,QQQ,0.007389099889385964
2023-02-15,QQQ,0.007660935362360677
2023-02-16,QQQ,-0.01876428838491484
2023-02-17,QQQ,-0.007055589037305299
2023-02-21,QQQ,-0.02367521605881917
2023-02-22,QQQ,0.0007482622060865918
2023-02-23,QQQ,0.008734082089312478
2023-02-24,QQQ,-0.016744106401151093
2023-02-27,QQQ,0.007161216084653921
2023-02-28,QQQ,-0.0012926472096902453
2023-03-01,QQQ,-0.008039566083867133
2023-03-02,QQQ,0.008276074044691883
2023-03-03,QQQ,0.02067393917285032
2023-03-06,QQQ,0.0011344806307340694
2023-03-07,QQQ,-0.012265984118948081
2023-03-08,QQQ,0.004994535053934657
2023-03-09,QQQ,-0.017326201027138666
2023-03-10,QQQ,-0.01404336071484924
2023-03-13,QQQ,0.007416145453889245
2023-03-14,QQQ,0.022979899344797605
2023-03-15,QQQ,0.005246122859138502
2023-03-16,QQQ,0.026360793093263002
2023-03-17,QQQ,-0.004726110449586041
2023-03-20,QQQ,0.0035486009850707045
2023-03-21,QQQ,0.014282664369978493
2023-03-22,QQQ,-0.01359794900552258
2023-03-23,QQQ,0.011858023548853236
2023-03-24,QQQ,0.003680412594621485
2023-03-27,QQQ,-0.006851394366000907
2023-03-28,QQQ,-0.0053115721798652205
2023-03-29,QQQ,0.01823390689354376
2023-03-30,QQQ,0.009465368981866007
2023-03-31,QQQ,0.016630732954604044
2023-04-03,QQQ,-0.0024304533773727988
2023-04-04,QQQ,-0.003373345477029055
2023-04-05,QQQ,-0.009872364130371514
2023-04-06,QQQ,0.006742112082458895
2023-04-10,QQQ,-0.0005659526504767642
2023-04-11,QQQ,-0.006417859536226533
2023-04-12,QQQ,-0.008833781528067242
2023-04-13,QQQ,0.01958228169301157
2023-04-14,QQQ,-0.0018798887772869532
2023-04-17,QQQ,0.0008474946697685226
2023-04-18,QQQ,6.269546840842466e-05
2023-04-19,QQQ,-0.00047028358022249694
2023-04-20,QQQ,-0.007624392268613001
2023-04-21,QQQ,0.0010431416664065107
2023-04-24,QQQ,-0.002084500253085819
2023-04-25,QQQ,-0.018863938573888683
2023-04-26,QQQ,0.0060648209936480235
2023-04-27,QQQ,0.027190872795027854
2023-04-28,QQQ,0.006898768064712124
2023-05-01,QQQ,-0.00114696930437308
2023-05-02,QQQ,-0.008721828399188336
2023-05-03,QQQ,-0.0065437968845751815
2023-05-04,QQQ,-0.003530047977873374
2023-05-05,QQQ,0.021254732938787546
2023-05-08,QQQ,0.0024774168470671487
2023-05-09,QQQ,-0.006333343211755493
2023-05-10,QQQ,0.010881871340528315
2023-05-11,QQQ,0.0032601881593765647
2023-05-12,QQQ,-0.0035869232684714314
2023-05-15,QQQ,0.005415176374522268
2023-05-16,QQQ,0.0011319332926351677
2023-05-17,QQQ,0.012104253551641353
2023-05-18,QQQ,0.018573314576789457
2023-05-19,QQQ,-0.00225352536528034
2023-05-22,QQQ,0.003358221135919326
2023-05-23,QQQ,-0.012676279003695723
2023-05-24,QQQ,-0.005129578455789097
2023-05-25,QQQ,0.024333001267337062
2023-05-26,QQQ,0.025550200463740902
2023-05-30,QQQ,0.004535108119265496
2023-05-31,QQQ,-0.005686063679846032
2023-06-01,QQQ,0.011552136046536043
2023-06-02,QQQ,0.007499838251882718
2023-06-05,QQQ,0.0007047360847560746
2023-06-06,QQQ,-0.00016897569601115325
2023-06-07,QQQ,-0.01696539345768666
2023-06-08,QQQ,0.012413261085131744
2023-06-09,QQQ,0.0038227208077561414
2023-06-12,QQQ,0.016897082351803316
2023-06-13,QQQ,0.007684024256304101
2023-06-14,QQQ,0.0072674012494131635
2023-06-15,QQQ,0.011915935154093393
2023-06-16,QQQ,-0.006293015904826893
2023-06-20,QQQ,-0.0014315164739194808
2023-06-21,QQQ,-0.013627703543629077
2023-06-22,QQQ,0.011798797458502541
2023-06-23,QQQ,-0.009913293702550341
2023-06-26,QQQ,-0.013405386515173201
2023-06-27,QQQ,0.017194073816554356
2023-06-28,QQQ,0.0019514482130693622
2023-06-29,QQQ,-0.002002408111490661
2023-06-30,QQQ,0.015420140736899013
2023-07-03,QQQ,0.002354969811918517
2023-07-05,QQQ,-2.703859534158859e-05
2023-07-06,QQQ,-0.00761591003982709
2023-07-07,QQQ,-0.0033199933161156547
2023-07-10,QQQ,0.0003275449066428848
2023-07-11,QQQ,0.004940749135520672
2023-07-12,QQQ,0.012629898874190193
2023-07-13,QQQ,0.016978561666952885
2023-07-14,QQQ,-0.00021100956462594134
2023-07-17,QQQ,0.009338634386231615
2023-07-18,QQQ,0.008180798629962016
2023-07-19,QQQ,-0.0002332000437400561
2023-07-20,QQQ,-0.023052044986776377
2023-07-21,QQQ,-0.002999365334328097
2023-07-24,QQQ,0.0015973606406289864
2023-07-25,QQQ,0.006777688944331839
2023-07-26,QQQ,-0.0033264225261476765
2023-07-27,QQQ,-0.002384086423664944
2023-07-28,QQQ,0.01821473807268026
2023-07-31,QQQ,0.0005216077186016577
2023-08-01,QQQ,-0.0023196341677337307
2023-08-02,QQQ,-0.021944105860633445
2023-08-03,QQQ,-0.001602733544681545
2023-08-04,QQQ,-0.004681578815312282
2023-08-07,QQQ,0.00846679398088157
2023-08-08,QQQ,-0.00850245110958836
2023-08-09,QQQ,-0.010994576601434325
2023-08-10,QQQ,0.0018481666118337348
2023-08-11,QQQ,-0.006375579452369329
2023-08-14,QQQ,0.011222167753279777
2023-08-15,QQQ,-0.010611679965302767
2023-08-16,QQQ,-0.01058887464396352
2023-08-17,QQQ,-0.01092304643466735
2023-08-18,QQQ,-0.0012548340324501916
2023-08-21,QQQ,0.016111410427699147
2023-08-22,QQQ,-0.001428912919701264
2023-08-23,QQQ,0.015768596964196302
2023-08-24,QQQ,-0.02137586717439599
2023-08-25,QQQ,0.007751666751216524
2023-08-28,QQQ,0.007527099604421661
2023-08-29,QQQ,0.02183974268993638
2023-08-30,QQQ,0.0055768353259102454
2023-08-31,QQQ,0.0029984057209386794
2023-09-01,QQQ,-0.0010582038265383176
2023-09-05,QQQ,0.00127120613753684
2023-09-06,QQQ,-0.008807780729416015
2023-09-07,QQQ,-0.007151635165426384
2023-09-08,QQQ,0.0013974908950469267
2023-09-11,QQQ,0.011782722301180604
2023-09-12,QQQ,-0.011088413514506068
2023-09-13,QQQ,0.0038090905564196476
2023-09-14,QQQ,0.00817731271166866
2023-09-15,QQQ,-0.01712304839750578
2023-09-18,QQQ,0.0010426095723408135
2023-09-19,QQQ,-0.0021314980450306553
2023-09-20,QQQ,-0.01441041896350137
2023-09-21,QQQ,-0.018324642562180915
2023-09-22,QQQ,0.00013994530492555946
2023-09-25,QQQ,0.004749629084755513
2023-09-26,QQQ,-0.015016257794894905
2023-09-27,QQQ,0.002343389085957215
2023-09-28,QQQ,0.008365373860127479
2023-09-29,QQQ,0.0007259796868763768
2023-10-02,QQQ,0.008345767292102568
2023-10-03,QQQ,-0.017549661859978527
2023-10-04,QQQ,0.013608718120637242
2023-10-05,QQQ,-0.002946569844632818
2023-10-06,QQQ,0.01675534880071794
2023-10-09,QQQ,0.0051001530832790465
2023-10-10,QQQ,0.005537935790350668
2023-10-11,QQQ,0.007135296974338345
2023-10-12,QQQ,-0.0034750429226735324
2023-10-13,QQQ,-0.012569911504720088
2023-10-16,QQQ,0.01130635670958613
2023-10-17,QQQ,-0.0032753919515337016
2023-10-18,QQQ,-0.013117887849848575
2023-10-19,QQQ,-0.009356862406754929
2023-10-20,QQQ,-0.01491800369799845
2023-10-23,QQQ,0.0030178197557551023
2023-10-24,QQQ,0.009727912049014353
2023-10-25,QQQ,-0.024475819492259743
2023-10-26,QQQ,-0.019067201529723632
2023-10-27,QQQ,0.00480120590431965
2023-10-30,QQQ,0.011265273208745041
2023-10-31,QQQ,0.0047823843262282395
2023-11-01,QQQ,0.017356821088570173
2023-11-02,QQQ,0.018153349913811345
2023-11-03,QQQ,0.011748714258727366
2023-11-06,QQQ,0.0040794340401006934
2023-11-07,QQQ,0.00945264929169265
2023-11-08,QQQ,0.000643880937083896
2023-11-09,QQQ,-0.007695619189553082
2023-11-10,QQQ,0.022482368384386664
2023-11-13,QQQ,-0.0031185577098719053
2023-11-14,QQQ,0.021526317933575623
2023-11-15,QQQ,0.0007526650782141431
2023-11-16,QQQ,0.000855803681276246
2023-11-17,QQQ,0.00023329591644194458
2023-11-20,QQQ,0.012174678861301969
2023-11-21,QQQ,-0.00580938834873479
2023-11-22,QQQ,0.004093050757753236
2023-11-24,QQQ,-0.001410103508321714
2023-11-27,QQQ,-0.0008727656324429844
2023-11-28,QQQ,0.0026209012094282613
2023-11-29,QQQ,-0.0009738927930272867
2023-11-30,QQQ,-0.002514166677353158
2023-12-01,QQQ,0.0028548407819568578
2023-12-04,QQQ,-0.009283512648979864
2023-12-05,QQQ,0.002510920579556597
2023-12-06,QQQ,-0.00578377418414433
2023-12-07,QQQ,0.013972131706927016
2023-12-08,QQQ,0.0044566046724761055
2023-12-11,QQQ,0.008542330632816286
2023-12-12,QQQ,0.007964042677320204
2023-12-13,QQQ,0.012717160383976855
2023-12-14,QQQ,-0.0008666909350318885
2023-12-15,QQQ,0.004834042675581962
2023-12-18,QQQ,0.006298595078114477
2023-12-19,QQQ,0.005109675635000643
2023-12-20,QQQ,-0.014859795970115885
2023-12-21,QQQ,0.011635459945844362
2023-12-22,QQQ,0.0014958557537996242
2023-12-26,QQQ,0.006121759374082991
2023-12-27,QQQ,0.0020358653473278032
2023-12-28,QQQ,-0.0004861848335613317
2023-12-29,QQQ,-0.004327727938716275
